© Die Bundeswahlleiterin, Wiesbaden 2025;;;;;;;;;;;;;;;;;;;;;;;;;;;;;;;;;;;;;;;;;;;;;;;;;;;;;;;;;;;;;;;;;
;;;;;;;;;;;;;;;;;;;;;;;;;;;;;;;;;;;;;;;;;;;;;;;;;;;;;;;;;;;;;;;;;
Ergebnisse der Bundestagswahl 2025 nach kreisfreien Städten und Landkreisen;;;;;;;;;;;;;;;;;;;;;;;;;;;;;;;;;;;;;;;;;;;;;;;;;;;;;;;;;;;;;;;;;
;;;;;;;;;;;;;;;;;;;;;;;;;;;;;;;;;;;;;;;;;;;;;;;;;;;;;;;;;;;;;;;;;
Land;Statistische Kennziffer;Kreisfreie Stadt bzw. Stadtkreis, Landkreis bzw. Kreis;Wahlberechtigte (A);Wählende (B);Ungültige - Erststimmen;Gültige - Erststimmen;SPD - Erststimmen;CDU - Erststimmen;GRÜNE - Erststimmen;FDP - Erststimmen;AfD - Erststimmen;CSU - Erststimmen;Die Linke - Erststimmen;FREIE WÄHLER - Erststimmen;Tierschutzpartei - Erststimmen;dieBasis - Erststimmen;Die PARTEI - Erststimmen;Team Todenhöfer - Erststimmen;PIRATEN - Erststimmen;Volt - Erststimmen;ÖDP - Erststimmen;SSW - Erststimmen;PdH - Erststimmen;Bündnis C - Erststimmen;BP - Erststimmen;MLPD - Erststimmen;PdF - Erststimmen;SGP - Erststimmen;BüSo - Erststimmen;BÜNDNIS DEUTSCHLAND - Erststimmen;BSW - Erststimmen;MERA25 - Erststimmen;WerteUnion - Erststimmen;Übrige - Erststimmen;Ungültige - Zweitstimmen;Gültige - Zweitstimmen;SPD - Zweitstimmen;CDU - Zweitstimmen;GRÜNE - Zweitstimmen;FDP - Zweitstimmen;AfD - Zweitstimmen;CSU - Zweitstimmen;Die Linke - Zweitstimmen;FREIE WÄHLER - Zweitstimmen;Tierschutzpartei - Zweitstimmen;dieBasis - Zweitstimmen;Die PARTEI - Zweitstimmen;Team Todenhöfer - Zweitstimmen;PIRATEN - Zweitstimmen;Volt - Zweitstimmen;ÖDP - Zweitstimmen;SSW - Zweitstimmen;Verjüngungsforschung - Zweitstimmen;PdH - Zweitstimmen;Bündnis C - Zweitstimmen;BP - Zweitstimmen;MLPD - Zweitstimmen;MENSCHLICHE WELT - Zweitstimmen;PdF - Zweitstimmen;SGP - Zweitstimmen;BüSo - Zweitstimmen;BÜNDNIS DEUTSCHLAND - Zweitstimmen;BSW - Zweitstimmen;MERA25 - Zweitstimmen;WerteUnion - Zweitstimmen
SH;01001;Flensburg, Stadt;69358;55072;372;54700;7934;9860;16696;1261;7527;0;4255;242;0;0;0;0;0;547;0;6067;0;0;0;0;0;0;0;174;0;0;0;137;321;54751;8584;9553;11284;1806;7573;0;7042;180;0;0;410;0;0;561;0;5833;0;0;0;0;19;0;0;0;0;84;1822;0;0
SH;01002;Kiel, Landeshauptstadt;183830;151581;903;150678;33263;30011;39858;4318;16402;0;15206;701;0;0;1905;0;0;2377;0;6637;0;0;0;0;0;0;0;0;0;0;0;0;806;150775;29076;28257;34823;5773;16447;0;21728;525;0;0;1374;0;0;1790;0;5696;0;0;0;0;56;0;0;0;0;170;5060;0;0
SH;01003;Lübeck, Hansestadt;162925;129549;1139;128410;36803;29412;25623;3520;19469;0;9446;1689;0;0;0;0;0;2173;0;0;0;0;0;275;0;0;0;0;0;0;0;0;763;128786;27615;28144;23610;4880;19687;0;14043;871;0;0;1045;0;0;1406;0;2372;0;0;0;0;86;0;0;0;0;165;4862;0;0
SH;01004;Neumünster, Stadt;58634;44693;642;44051;10900;12929;4489;1391;9877;0;2938;919;0;0;0;0;0;608;0;0;0;0;0;0;0;0;0;0;0;0;0;0;343;44350;8689;11235;4656;1837;9888;0;3574;326;0;0;344;0;0;332;0;1365;0;0;0;0;9;0;0;0;0;48;2047;0;0
SH;01051;Dithmarschen;106195;87175;659;86516;17612;30019;7257;3842;18256;0;4874;1396;0;0;0;0;0;883;0;2377;0;0;0;0;0;0;0;0;0;0;0;0;521;86654;15364;26241;7925;4771;18264;0;5290;763;0;0;681;0;0;592;0;3566;0;0;0;0;37;0;0;0;0;116;3044;0;0
SH;01053;Herzogtum Lauenburg;153679;129260;911;128349;29188;40444;17628;4412;24477;0;7746;2823;0;0;0;0;0;1620;0;0;0;0;0;11;0;0;0;0;0;0;0;0;659;128601;23812;37058;17006;6516;24564;0;9152;1328;0;0;918;0;0;1147;0;1958;0;0;0;0;33;0;0;0;0;221;4888;0;0
SH;01054;Nordfriesland;131573;109490;730;108760;22509;34706;12742;3935;15755;0;5431;999;0;0;0;0;0;806;0;11877;0;0;0;0;0;0;0;0;0;0;0;0;599;108891;18818;31638;14614;5225;15841;0;6724;765;0;0;742;0;0;718;0;10344;0;0;0;0;32;0;0;0;0;123;3307;0;0
SH;01055;Ostholstein;165149;136917;1020;135897;34917;47260;13957;4948;23469;0;7408;2407;0;0;0;0;0;1531;0;0;0;0;0;0;0;0;0;0;0;0;0;0;746;136171;27038;42489;17098;7027;23989;0;8058;1237;0;0;971;0;0;948;0;2873;0;0;0;0;40;0;0;0;0;199;4204;0;0
SH;01056;Pinneberg;236767;200304;1202;199102;49714;63232;25395;7675;30417;0;12683;2190;0;0;0;0;0;2423;0;4617;0;0;0;0;0;0;0;756;0;0;0;0;985;199319;40326;57531;28967;10087;31098;0;15091;1313;0;0;1360;0;0;2016;0;3976;0;0;0;0;47;0;0;0;0;385;7122;0;0
SH;01057;Plön;105453;90897;1126;89771;21499;30465;13567;3005;13789;0;4348;1898;0;0;0;0;0;1200;0;0;0;0;0;0;0;0;0;0;0;0;0;0;522;90375;17330;26977;14438;3903;14152;0;5666;762;0;0;595;0;0;712;0;2954;0;0;0;0;28;0;0;0;0;124;2734;0;0
SH;01058;Rendsburg-Eckernförde;220327;188099;1214;186885;39693;61096;23896;8680;27826;0;9422;1443;0;0;116;0;0;1476;0;11803;0;0;0;0;0;0;0;632;0;0;0;802;919;187180;33430;54816;28551;8750;28935;0;11943;1042;0;0;1244;0;0;1111;0;11144;0;0;0;0;47;0;0;0;0;313;5854;0;0
SH;01059;Schleswig-Flensburg;162773;137810;725;137085;20442;40978;26602;3226;21300;0;6120;1305;0;0;0;0;0;905;0;15401;0;0;0;0;0;0;0;472;0;0;0;334;667;137143;21974;38133;19311;5261;21699;0;8870;957;0;0;802;0;0;888;0;14742;0;0;0;0;34;0;0;0;0;244;4228;0;0
SH;01060;Segeberg;214642;180619;1376;179243;42797;58797;19614;8015;32648;0;10678;3029;0;0;0;0;0;2743;0;0;0;0;0;0;0;0;0;922;0;0;0;0;964;179655;33294;52654;23023;9343;32744;0;12403;1601;0;0;1482;0;0;1768;0;4096;0;0;0;0;47;0;0;0;0;389;6811;0;0
SH;01061;Steinburg;104235;86768;671;86097;18478;30044;9214;2917;16810;0;5379;1892;0;0;0;0;0;1363;0;0;0;0;0;0;0;0;0;0;0;0;0;0;440;86328;15409;24894;10239;4136;16819;0;6082;940;0;0;726;0;0;783;0;2848;0;0;0;0;19;0;0;0;0;146;3287;0;0
SH;01062;Stormarn;187271;161734;1049;160685;38736;54288;22760;6396;24237;0;9164;2206;0;0;0;0;0;2627;0;0;0;0;0;0;0;0;0;271;0;0;0;0;708;161026;31787;48804;24378;8832;24465;0;10762;1065;0;0;1035;0;0;1724;0;2371;0;0;0;0;42;0;0;0;0;254;5507;0;0
HH;02000;Hamburg, Freie und Hansestadt;1299289;1050805;8507;1042298;292325;232067;214621;35299;114714;0;129995;9714;0;0;0;0;0;11921;0;0;0;0;0;1642;0;0;0;0;0;0;0;0;5185;1045620;237740;216935;201713;47115;113608;0;151115;3866;9735;0;4518;0;0;15549;0;0;0;0;0;0;528;0;0;0;0;1279;41919;0;0
NI;03101;Braunschweig, Stadt;186358;155402;1130;154272;51553;38158;21984;4462;20472;0;12660;1671;0;0;0;0;0;2447;0;0;0;0;0;250;0;0;0;0;0;0;0;615;832;154570;34994;34958;27788;6151;20624;0;17978;799;1661;375;871;0;286;1729;0;0;0;145;0;0;87;0;0;0;0;158;5966;0;0
NI;03102;Salzgitter, Stadt;68176;52163;508;51655;15076;13205;2353;1094;13886;0;4606;658;0;371;0;0;0;406;0;0;0;0;0;0;0;0;0;0;0;0;0;0;407;51756;12518;12279;2908;1523;13631;0;4433;313;637;143;213;0;80;206;0;0;0;29;0;0;10;0;0;0;0;73;2760;0;0
NI;03103;Wolfsburg, Stadt;84907;68161;648;67513;20029;19949;5045;2368;14136;0;4395;0;0;0;0;0;0;1036;0;0;0;0;0;118;0;0;0;0;0;0;0;437;418;67743;15936;18278;6384;2656;13970;0;4829;280;778;171;298;0;136;501;0;0;0;42;0;0;36;0;0;0;0;88;3360;0;0
NI;03151;Gifhorn;134848;114259;772;113487;35253;33477;7476;3182;25883;0;5424;1206;0;0;0;0;0;1078;0;0;0;0;0;18;0;0;0;404;0;0;0;86;571;113688;25154;32208;10759;4406;25729;0;6927;772;1398;319;543;0;175;641;0;0;0;77;0;0;24;0;0;0;0;218;4338;0;0
NI;03153;Goslar;102042;82164;762;81402;22609;24948;5685;2180;17307;0;5588;1448;0;226;0;0;0;1077;0;0;0;0;0;0;0;0;0;334;0;0;0;0;531;81633;19227;22592;6676;3128;17376;0;6055;654;1188;211;417;0;141;583;0;0;0;53;0;0;8;0;0;0;0;114;3210;0;0
NI;03154;Helmstedt;70431;58040;485;57555;15897;18612;3711;1672;13107;0;3538;0;0;0;0;0;0;654;0;0;0;0;0;83;0;0;0;0;0;0;0;281;337;57703;13262;16457;4521;2072;12952;0;3766;353;910;214;280;0;119;351;0;0;0;42;0;0;14;0;0;0;0;65;2325;0;0
NI;03155;Northeim;103672;85612;700;84912;27891;24883;6840;2146;16565;0;4357;1313;0;0;0;0;0;623;0;0;0;0;0;0;0;0;0;294;0;0;0;0;490;85122;22078;23568;7697;3356;16879;0;5519;637;972;185;365;0;133;373;0;0;0;52;0;0;18;0;0;0;0;133;3157;0;0
NI;03157;Peine;103040;87590;562;87028;31663;23169;5438;2115;17361;0;4535;1458;0;0;0;0;0;780;0;0;0;0;0;0;0;0;0;509;0;0;0;0;435;87155;22616;23031;7981;3099;17556;0;5954;748;1192;281;377;0;140;492;0;0;0;76;0;0;25;0;0;0;0;177;3410;0;0
NI;03158;Wolfenbüttel;93628;79895;607;79288;25270;23468;6972;2186;13513;0;4922;1207;0;808;0;0;0;942;0;0;0;0;0;0;0;0;0;0;0;0;0;0;438;79457;19349;22311;8995;3166;13830;0;6084;596;994;303;405;0;139;464;0;0;0;61;0;0;18;0;0;0;0;81;2661;0;0
NI;03159;Göttingen;242802;201845;1600;200245;52989;58785;28478;6958;29821;0;17336;2675;0;0;0;0;0;2788;0;0;0;0;0;292;0;0;0;123;0;0;0;0;1083;200762;45328;52242;29350;7863;30392;0;21119;1337;2190;374;860;0;296;1316;0;0;0;142;0;0;87;0;0;0;0;219;7647;0;0
NI;03241;Region Hannover;826583;692812;4597;688215;220603;186482;88235;17791;101822;0;51408;6675;3346;0;1382;0;2151;6736;0;0;0;0;0;573;0;0;0;1011;0;0;0;0;3623;689189;159670;171171;105154;28887;102407;0;70941;3715;7621;1302;3011;0;1419;4680;0;0;0;540;0;0;263;0;0;0;0;840;27568;0;0
NI;03251;Diepholz;169677;141609;959;140650;39297;49740;11443;4790;23541;0;8362;3477;0;0;0;0;0;0;0;0;0;0;0;0;0;0;0;0;0;0;0;0;659;140950;32322;42854;14670;6586;24374;0;9683;1454;1548;347;618;0;213;705;0;0;0;81;0;0;25;0;0;0;0;191;5279;0;0
NI;03252;Hameln-Pyrmont;112197;90885;691;90194;29684;26133;6605;2555;18573;0;5015;1629;0;0;0;0;0;0;0;0;0;0;0;0;0;0;0;0;0;0;0;0;498;90387;21468;24760;9091;3392;18890;0;6227;656;1176;265;365;0;137;387;0;0;0;58;0;0;15;0;0;0;0;97;3403;0;0
NI;03254;Hildesheim;211156;176681;1304;175377;53926;51421;16511;4369;31963;0;12021;2120;0;0;0;0;0;1416;0;0;0;0;0;0;0;0;0;0;0;0;0;1630;919;175762;42610;47276;20303;6534;31742;0;14749;991;2245;399;810;0;259;898;0;0;0;100;0;0;33;0;0;0;0;233;6580;0;0
NI;03255;Holzminden;53398;43519;423;43096;13945;12003;2985;1764;9447;0;2192;760;0;0;0;0;0;0;0;0;0;0;0;0;0;0;0;0;0;0;0;0;321;43198;11034;11342;3558;1900;9648;0;2681;298;504;115;143;0;66;186;0;0;0;24;0;0;10;0;0;0;0;45;1644;0;0
NI;03256;Nienburg (Weser);93093;76463;560;75903;22809;22545;5061;1909;15753;0;4530;2177;0;0;500;0;0;387;0;0;0;0;0;0;0;0;0;0;0;0;0;232;395;76068;17766;21422;6885;2823;16146;0;5013;1227;881;165;301;0;102;400;0;0;0;56;0;0;19;0;0;0;0;82;2780;0;0
NI;03257;Schaumburg;122270;101535;689;100846;31869;29429;8226;3003;19527;0;5391;1430;0;0;1151;0;0;628;0;0;0;0;0;0;0;0;0;0;0;0;0;192;521;101014;24834;27723;10553;3902;20076;0;6520;849;1363;220;539;0;167;428;0;0;0;87;0;0;15;0;0;0;0;128;3610;0;0
NI;03351;Celle;138199;113395;789;112606;25179;40465;10298;3822;23127;0;6483;2050;0;0;0;0;0;1182;0;0;0;0;0;0;0;0;0;0;0;0;0;0;608;112787;22778;33941;11367;5093;23448;0;7747;992;1513;365;488;0;179;648;0;0;0;72;0;0;20;0;0;0;0;127;4009;0;0
NI;03352;Cuxhaven;157491;130513;985;129528;40412;41930;9476;3533;24753;0;6789;2635;0;0;0;0;0;0;0;0;0;0;0;0;0;0;0;0;0;0;0;0;667;129846;31680;38251;11811;4856;25286;0;7979;1036;1818;427;530;0;185;844;0;0;0;52;0;0;22;0;0;0;0;166;4903;0;0
NI;03353;Harburg;202671;175135;1180;173955;45738;57718;18423;6047;28905;0;10310;3142;0;0;0;0;0;2625;0;0;0;0;0;0;0;0;0;0;0;0;0;1047;706;174429;35733;53030;22501;8478;29323;0;12298;1599;1992;491;704;0;261;1461;0;0;0;105;0;0;31;0;0;0;0;204;6218;0;0
NI;03354;Lüchow-Dannenberg;38733;32108;221;31887;8708;8265;4678;563;5054;0;2282;1878;0;284;0;0;0;175;0;0;0;0;0;0;0;0;0;0;0;0;0;0;165;31943;6666;7678;4777;884;5380;0;3439;939;390;110;149;0;57;97;0;0;0;15;0;0;12;0;0;0;0;26;1324;0;0
NI;03355;Lüneburg;143946;122911;722;122189;34202;32298;20619;3331;18841;0;8655;1832;0;1248;0;0;0;1163;0;0;0;0;0;0;0;0;0;0;0;0;0;0;511;122400;25723;29462;20870;4748;19679;0;12559;939;1376;456;653;0;201;880;0;0;0;73;0;0;23;0;0;0;0;120;4638;0;0
NI;03356;Osterholz;90366;77055;476;76579;18268;27294;8994;2183;12883;0;5956;0;0;0;0;0;0;1001;0;0;0;0;0;0;0;0;0;0;0;0;0;0;335;76720;17630;21638;9661;2998;13253;0;5669;391;1001;235;319;0;119;536;0;0;0;66;0;0;19;0;0;0;0;104;3081;0;0
NI;03357;Rotenburg (Wümme);129401;108813;743;108070;33848;38939;7814;2707;19340;0;2997;1181;0;0;0;0;0;1244;0;0;0;0;0;0;0;0;0;0;0;0;0;0;492;108321;24045;34420;10681;4285;20047;0;7654;912;1104;278;510;0;150;631;0;0;0;65;0;0;15;0;0;0;0;139;3385;0;0
NI;03358;Heidekreis;108321;89362;761;88601;38150;23387;4178;2007;17807;0;0;1742;0;0;0;0;0;1330;0;0;0;0;0;0;0;0;0;0;0;0;0;0;545;88817;22906;24326;7590;3144;18413;0;5937;845;1130;186;348;0;133;671;0;0;0;53;0;0;13;0;0;0;0;106;3016;0;0
NI;03359;Stade;157863;132986;975;132011;35088;44220;13177;3845;25133;0;8533;452;0;0;0;0;0;1563;0;0;0;0;0;0;0;0;0;0;0;0;0;0;609;132377;29339;38963;14572;5350;25157;0;9274;885;1501;378;661;0;248;1067;0;0;0;96;0;0;22;0;0;0;0;160;4704;0;0
NI;03360;Uelzen;74248;61477;432;61045;14887;20662;5801;2098;11841;0;3795;1392;0;0;0;0;0;569;0;0;0;0;0;0;0;0;0;0;0;0;0;0;300;61177;13547;17699;6423;2411;11930;0;4446;699;750;132;315;0;103;317;0;0;0;29;0;0;8;0;0;0;0;62;2306;0;0
NI;03361;Verden;105716;89113;603;88510;22697;32043;9458;2769;15174;0;5116;0;0;0;0;0;0;1253;0;0;0;0;0;0;0;0;0;0;0;0;0;0;413;88700;20385;24690;10791;3945;15930;0;6388;562;1006;203;382;0;129;641;0;0;0;48;0;0;17;0;0;0;0;133;3450;0;0
NI;03401;Delmenhorst, Stadt;54470;42301;462;41839;10927;11430;3115;1777;10013;0;3459;829;0;0;0;0;0;0;0;0;0;0;0;0;0;0;0;289;0;0;0;0;354;41947;9942;9748;3250;1613;9941;0;3518;323;621;80;190;0;69;223;0;0;0;39;0;0;8;0;0;0;0;88;2294;0;0
NI;03402;Emden, Stadt;36530;28767;282;28485;12850;4858;1462;612;5791;0;2080;0;783;0;0;0;0;0;0;0;0;0;0;0;0;0;0;0;0;0;0;49;180;28587;8452;5432;2663;883;5898;0;2830;125;450;74;164;0;56;134;0;0;0;15;0;0;7;0;0;0;0;34;1370;0;0
NI;03403;Oldenburg (Oldenburg), Stadt;130165;109778;755;109023;37123;21576;21543;3101;11691;0;11064;1028;0;0;0;0;0;1897;0;0;0;0;0;0;0;0;0;0;0;0;0;0;434;109344;25696;21521;22513;4559;11389;0;15789;441;1075;188;549;0;167;1225;0;0;0;107;0;0;40;0;0;0;0;98;3987;0;0
NI;03404;Osnabrück, Stadt;120138;99407;639;98768;27706;25586;16078;2606;9946;0;14091;945;0;0;0;0;0;1485;0;0;0;0;0;0;0;0;0;0;0;0;0;325;438;98969;23522;22393;18535;4181;10042;0;13542;409;809;232;477;0;149;958;0;0;0;81;0;0;39;0;0;0;0;75;3525;0;0
NI;03405;Wilhelmshaven, Stadt;57947;44467;396;44071;15464;10261;2465;1088;9373;0;3096;1111;0;263;566;0;0;384;0;0;0;0;0;0;0;0;0;0;0;0;0;0;331;44136;11088;10648;3597;1558;9480;0;3856;444;693;116;295;0;70;275;0;0;0;44;0;0;20;0;0;0;0;61;1891;0;0
NI;03451;Ammerland;99179;84210;518;83692;29157;24596;7185;2895;13355;0;4608;1043;0;0;0;0;0;853;0;0;0;0;0;0;0;0;0;0;0;0;0;0;367;83843;20327;24555;9344;3996;13533;0;5911;504;953;149;417;0;102;497;0;0;0;66;0;0;15;0;0;0;0;102;3372;0;0
NI;03452;Aurich;153270;126932;993;125939;50707;29212;6328;2969;25369;0;6859;0;3520;0;0;0;0;0;0;0;0;0;0;0;0;0;0;0;0;0;0;975;836;126096;35826;30575;10085;4169;26649;0;8822;1192;2052;310;477;0;192;460;0;0;0;55;0;0;27;0;0;0;0;127;5078;0;0
NI;03453;Cloppenburg;122303;101166;687;100479;16438;44410;5360;3536;24484;0;4869;1382;0;0;0;0;0;0;0;0;0;0;0;0;0;0;0;0;0;0;0;0;573;100593;15194;37956;6131;4558;24314;0;5764;767;816;224;359;0;129;400;0;0;0;49;0;0;13;0;0;0;0;148;3771;0;0
NI;03454;Emsland;241862;205957;1272;204685;40015;97435;13476;6749;33457;0;10082;3096;0;0;0;0;0;0;0;0;0;0;0;0;0;0;0;375;0;0;0;0;997;204960;37333;84945;15468;9035;34066;0;12452;1401;1616;369;820;0;247;723;0;0;0;112;0;0;27;0;0;0;0;279;6067;0;0
NI;03455;Friesland;81626;68317;505;67812;24887;18034;4261;1965;12449;0;3517;949;0;646;668;0;0;436;0;0;0;0;0;0;0;0;0;0;0;0;0;0;364;67953;17671;17909;6254;2969;12723;0;4851;511;1044;287;357;0;110;344;0;0;0;45;0;0;23;0;0;0;0;84;2771;0;0
NI;03456;Grafschaft Bentheim;98058;83044;509;82535;23558;32926;5890;2780;11640;0;4363;1121;0;0;0;0;0;0;0;0;0;0;0;0;0;0;0;257;0;0;0;0;376;82668;20173;29388;7253;3764;11923;0;5369;515;695;155;290;0;95;273;0;0;0;41;0;0;12;0;0;0;0;98;2624;0;0
NI;03457;Leer;131392;108801;863;107938;29040;36409;8834;2356;22908;0;6563;1828;0;0;0;0;0;0;0;0;0;0;0;0;0;0;0;0;0;0;0;0;596;108205;27553;28317;8802;3839;23671;0;7745;788;1382;346;517;0;148;412;0;0;0;52;0;0;16;0;0;0;0;138;4479;0;0
NI;03458;Oldenburg;102378;87342;580;86762;20621;27311;10058;6141;14598;0;5516;2037;0;0;0;0;0;0;0;0;0;0;0;0;0;0;0;480;0;0;0;0;361;86981;19198;24751;10297;5116;15011;0;5952;1013;1078;198;372;0;132;596;0;0;0;54;0;0;11;0;0;0;0;168;3034;0;0
NI;03459;Osnabrück;271605;229875;1514;228361;57947;83093;22634;6486;38305;0;14287;3748;0;0;0;0;0;1718;0;0;0;0;0;0;0;0;0;0;0;0;0;143;1069;228806;52941;73383;23580;9659;38709;0;15161;1921;2024;674;847;0;320;1004;0;0;0;126;0;0;47;0;0;0;0;266;8144;0;0
NI;03460;Vechta;102796;86010;512;85498;16078;40831;5921;2599;13880;0;4616;1573;0;0;0;0;0;0;0;0;0;0;0;0;0;0;0;0;0;0;0;0;427;85583;13859;35660;7146;3874;14040;0;5754;937;717;142;279;0;127;451;0;0;0;55;0;0;9;0;0;0;0;83;2450;0;0
NI;03461;Wesermarsch;68169;55413;470;54943;17079;15021;4848;2290;10720;0;3670;1059;0;0;0;0;0;0;0;0;0;0;0;0;0;0;0;256;0;0;0;0;251;55162;14696;13604;4888;2319;11003;0;4145;581;697;125;300;0;88;243;0;0;0;37;0;0;11;0;0;0;0;98;2327;0;0
NI;03462;Wittmund;46291;38022;256;37766;12567;11800;1904;921;7711;0;1633;475;0;280;274;0;0;201;0;0;0;0;0;0;0;0;0;0;0;0;0;0;193;37829;9454;11063;2722;1435;8080;0;2190;278;546;147;175;0;55;137;0;0;0;25;0;0;8;0;0;0;0;54;1460;0;0
HB;04011;Bremen, Stadt;373181;295332;2668;292664;78286;67403;48615;8167;39792;0;39313;1079;0;0;2227;0;0;5083;0;0;0;0;0;588;0;0;0;1392;0;0;0;719;1611;293721;66988;60952;49100;10520;39664;0;45411;1205;0;0;2160;0;0;3358;0;0;244;0;0;0;169;539;0;0;0;677;12498;236;0
HB;04012;Bremerhaven, Stadt;77383;55034;618;54416;16981;11270;4672;1497;12846;0;5095;679;0;0;0;0;0;653;0;0;0;0;0;148;0;0;0;575;0;0;0;0;499;54535;13616;10621;5180;1775;12832;0;6050;413;0;0;422;0;0;478;0;0;59;0;0;0;38;155;0;0;0;256;2616;24;0
NW;05111;Düsseldorf, Stadt;413320;338965;2695;336270;74095;110390;59616;16133;37801;0;27345;1960;0;0;0;0;0;5985;0;0;0;0;0;658;0;0;0;1568;0;0;719;0;1519;337446;60602;94467;59833;22782;38142;0;35531;953;3232;504;1588;588;0;3409;0;0;0;0;0;0;169;0;556;0;0;479;14037;231;343
NW;05112;Duisburg, Stadt;312352;239017;2714;236303;85847;49539;17429;5475;51669;0;20781;2953;0;0;0;0;0;1389;0;0;0;0;0;661;0;0;0;0;0;0;0;560;1957;237060;60500;50514;20738;7176;49295;0;25421;1121;4003;468;1532;959;0;1151;0;0;0;0;0;0;240;0;426;0;0;308;12884;200;124
NW;05113;Essen, Stadt;397968;318771;3093;315678;87110;96611;37354;8878;54870;0;25815;4199;0;0;0;0;0;0;0;0;0;0;0;841;0;0;0;0;0;0;0;0;1753;317018;70289;84032;39442;12711;53958;0;30002;1320;4506;471;2104;643;0;2254;0;0;0;0;0;0;285;0;517;0;0;320;13897;146;121
NW;05114;Krefeld, Stadt;155024;122051;1220;120831;32145;38302;12586;5432;19860;0;9338;2308;0;0;0;0;0;860;0;0;0;0;0;0;0;0;0;0;0;0;0;0;769;121282;24346;34977;14461;6248;19549;0;11018;803;1667;229;740;295;0;778;0;0;0;0;0;0;52;0;207;0;0;167;5588;72;85
NW;05116;Mönchengladbach, Stadt;181209;140063;1616;138447;36259;50331;13648;4555;25280;0;0;1478;0;0;3453;0;0;2167;0;0;0;0;0;0;0;0;0;917;0;0;359;0;947;139116;26041;42525;13844;6324;25125;0;13206;657;2016;313;860;228;0;851;0;0;0;0;0;0;32;0;205;0;0;270;6399;75;145
NW;05117;Mülheim an der Ruhr, Stadt;118267;98594;827;97767;32710;28745;9859;3598;14891;0;6361;1603;0;0;0;0;0;0;0;0;0;0;0;0;0;0;0;0;0;0;0;0;526;98068;23335;28321;11976;4548;14677;0;7609;455;1296;158;584;183;0;507;0;0;0;0;0;0;59;0;148;0;0;90;4023;38;61
NW;05119;Oberhausen, Stadt;142960;113485;1099;112386;34769;29723;8793;3214;24922;0;8814;0;0;0;0;1673;0;0;0;0;0;0;0;478;0;0;0;0;0;0;0;0;724;112761;27727;27534;9566;3718;24240;0;9611;423;1973;203;780;447;0;537;0;0;0;0;0;0;84;0;222;0;0;150;5435;58;53
NW;05120;Remscheid, Stadt;74875;58553;542;58011;15698;18902;4334;1736;11728;0;4467;0;0;0;0;0;0;800;0;0;0;0;0;123;0;0;0;0;0;0;0;223;409;58144;11883;16312;5282;2711;11587;0;5041;242;842;119;316;141;0;383;0;0;0;0;0;0;18;0;103;0;0;79;3027;36;22
NW;05122;Solingen, Klingenstadt;109819;88003;779;87224;24204;27836;7905;2951;15499;0;6851;0;0;0;0;0;0;1401;0;0;0;0;0;255;0;0;0;0;0;0;0;322;526;87477;17230;24775;10506;4129;15291;0;7739;311;1133;233;675;243;0;744;0;0;0;0;0;0;78;0;153;0;0;112;4047;36;42
NW;05124;Wuppertal, Stadt;228470;180214;1632;178582;58242;45963;15791;5431;32391;0;15420;1805;0;0;0;0;0;2358;0;0;0;0;0;51;0;0;0;0;0;0;0;1130;1110;179104;36270;43871;22699;7617;31960;0;20368;785;2276;406;1039;360;0;1373;0;0;0;0;0;0;107;0;298;0;0;173;9289;107;106
NW;05154;Kleve;223650;182375;1351;181024;39191;74631;16447;6098;28974;0;10755;2429;0;0;0;0;0;2499;0;0;0;0;0;0;0;0;0;0;0;0;0;0;1060;181315;34003;66214;18986;8100;29096;0;11625;1338;2421;443;891;252;0;1146;0;0;0;0;0;0;32;0;328;0;0;213;6094;43;90
NW;05158;Mettmann;357732;297434;2586;294848;69628;106965;34942;12489;48284;0;19255;0;0;0;0;0;0;2863;0;0;0;0;0;422;0;0;0;0;0;0;0;0;1635;295799;56576;94873;35801;16236;47652;0;20665;1180;4026;565;1553;579;0;2238;0;0;0;0;0;0;114;0;599;0;0;317;12516;112;197
NW;05162;Rhein-Kreis Neuss;329414;276393;2394;273999;66222;106782;26543;13340;41947;0;17457;1708;0;0;0;0;0;0;0;0;0;0;0;0;0;0;0;0;0;0;0;0;1467;274926;48936;96148;31754;16381;42381;0;18480;1266;3614;745;1355;569;0;1543;0;0;0;0;0;0;71;0;529;0;0;280;10579;111;184
NW;05166;Viersen;223739;185834;1682;184152;38071;73676;19438;7317;29425;0;11337;2510;0;0;0;0;0;2378;0;0;0;0;0;0;0;0;0;0;0;0;0;0;1112;184722;33644;64228;21085;10039;29312;0;11875;1170;2675;439;1137;287;0;1147;0;0;0;0;0;0;26;0;349;0;0;255;6873;55;126
NW;05170;Wesel;351285;291851;2516;289335;87651;93771;23034;9611;51336;0;18153;3235;0;0;0;423;0;922;0;0;0;0;0;163;0;0;0;1036;0;0;0;0;1703;290148;70086;85733;27883;11858;51037;0;20279;1471;4294;561;1900;521;0;1356;0;0;0;0;0;0;117;0;475;0;0;500;11835;92;150
NW;05314;Bonn, Stadt;228194;193699;1647;192052;41577;63973;46819;4737;15681;0;14776;935;0;0;0;0;0;3017;0;0;0;0;0;0;537;0;0;0;0;0;0;0;976;192723;34078;50413;44136;9995;17186;0;23994;419;1252;338;877;270;0;2147;0;0;0;0;0;0;59;0;287;0;0;128;6911;141;92
NW;05315;Köln, Stadt;735287;610832;4725;606107;140979;145507;157164;19554;62230;0;62591;4396;0;0;0;0;0;11639;0;0;0;0;0;527;745;0;0;567;0;0;0;208;2748;608084;116625;134884;131770;27527;60977;0;90419;1759;5677;1004;3319;1181;0;6421;0;0;0;0;0;0;247;0;1084;0;0;577;24007;413;193
NW;05316;Leverkusen, Stadt;112525;91380;912;90468;28743;26173;7968;3054;15465;0;6411;1279;0;0;0;0;0;1225;0;0;0;0;0;150;0;0;0;0;0;0;0;0;621;90759;19432;25449;10713;3946;15573;0;7698;451;1222;205;576;202;0;687;0;0;0;0;0;0;56;0;185;0;0;107;4156;39;62
NW;05334;Städteregion Aachen;397277;326214;9264;316950;81469;116089;52646;14107;0;0;26492;16257;0;0;0;0;0;7212;0;0;0;0;0;0;0;0;0;2678;0;0;0;0;2247;323967;63106;91268;51771;14468;48484;0;30705;1687;3501;565;1625;545;0;2548;0;0;0;0;0;0;63;0;516;0;0;360;12434;173;148
NW;05358;Düren;199301;164552;1452;163100;35854;64996;12153;4591;33137;0;9105;3264;0;0;0;0;0;0;0;0;0;0;0;0;0;0;0;0;0;0;0;0;1133;163419;30306;54483;13843;7006;33517;0;10498;1179;2549;395;834;249;0;916;0;0;0;0;0;0;31;0;323;0;0;208;6931;43;108
NW;05362;Rhein-Erft-Kreis;343812;288059;2515;285544;72792;100562;30556;10273;46701;0;18298;3494;0;0;0;0;0;1118;0;0;0;0;0;0;0;0;0;1750;0;0;0;0;1588;286471;56402;90740;34681;14002;46727;0;20799;1523;3770;626;1300;617;0;1971;0;0;0;0;0;0;48;0;515;0;0;538;11916;119;177
NW;05366;Euskirchen;152242;126664;1332;125332;23219;50154;9970;5775;25484;0;6377;1958;0;0;0;0;0;1742;0;0;0;0;0;0;0;0;0;653;0;0;0;0;774;125890;20698;44147;11681;6187;25552;0;6978;1001;1841;412;658;177;0;836;0;0;0;0;0;0;17;0;229;0;0;275;5090;24;87
NW;05370;Heinsberg;192359;157150;1595;155555;29813;64624;11797;4679;30784;0;8959;2804;0;0;0;0;0;2095;0;0;0;0;0;0;0;0;0;0;0;0;0;0;1118;156032;26663;54971;13623;6516;31408;0;9856;1208;2443;449;854;250;0;1076;0;0;0;0;0;0;22;0;285;0;0;178;6077;48;105
NW;05374;Oberbergischer Kreis;204353;169819;1559;168260;34869;62100;14813;5476;36265;0;10064;2914;0;0;0;0;0;1759;0;0;0;0;0;0;0;0;0;0;0;0;0;0;1210;168609;29960;53407;16035;7771;35722;0;10598;1189;2369;589;1010;253;0;1032;0;0;0;0;0;0;47;0;347;0;0;295;7768;37;180
NW;05378;Rheinisch-Bergischer Kreis;214554;184312;1155;183157;34424;77301;25245;9054;22758;0;9309;1692;0;0;0;0;0;2529;0;0;0;0;0;0;0;0;0;845;0;0;0;0;862;183450;33928;61975;27583;10199;24339;0;11972;999;2151;424;855;218;0;1694;0;0;0;0;0;0;58;0;305;0;0;280;6305;54;111
NW;05382;Rhein-Sieg-Kreis;452409;382510;3179;379331;76561;149989;45376;14317;60396;0;21099;5458;0;0;0;0;0;6135;0;0;0;0;0;0;0;0;0;0;0;0;0;0;1950;380560;65816;127020;51583;20169;60489;0;25334;2156;4462;945;1919;619;0;3356;0;0;0;0;0;0;60;0;646;0;0;459;15139;112;276
NW;05512;Bottrop, Stadt;85524;69203;621;68582;20915;20428;4721;2006;14600;0;3981;799;0;0;1016;0;0;0;0;0;0;0;0;116;0;0;0;0;0;0;0;0;447;68756;16213;19653;5777;2314;14474;0;4724;377;1142;94;416;125;0;281;0;0;0;0;0;0;48;0;110;0;0;86;2881;22;19
NW;05513;Gelsenkirchen, Stadt;164673;122676;1223;121453;38118;28051;7379;4038;31302;0;10246;1720;0;0;0;0;0;0;0;0;0;0;0;599;0;0;0;0;0;0;0;0;900;121776;29342;27665;7944;3682;30032;0;11485;626;2359;191;685;442;0;444;0;0;0;0;0;0;239;0;167;0;0;142;6174;100;57
NW;05515;Münster, Stadt;237654;207991;1176;206815;42553;58996;64528;6779;13426;0;14083;0;0;0;2642;0;0;3808;0;0;0;0;0;0;0;0;0;0;0;0;0;0;768;207223;37437;53313;55144;9629;14210;0;25927;408;1361;207;1051;160;0;2242;0;0;0;0;0;0;26;0;303;0;0;128;5525;93;59
NW;05554;Borken;279024;237343;1556;235787;46227;111722;21563;7165;32297;0;12526;4287;0;0;0;0;0;0;0;0;0;0;0;0;0;0;0;0;0;0;0;0;1164;236179;40474;99627;23939;10436;32990;0;13394;1764;2372;451;1047;268;0;1305;0;0;0;0;0;0;45;0;473;0;0;242;7160;82;110
NW;05558;Coesfeld;173636;151556;1022;150534;30606;68430;18858;4819;18955;0;6768;0;0;0;0;0;0;2098;0;0;0;0;0;0;0;0;0;0;0;0;0;0;674;150882;26965;60517;20146;6396;19609;0;8061;694;1507;255;694;159;0;1014;0;0;0;0;0;0;14;0;305;0;0;150;4298;20;78
NW;05562;Recklinghausen;453847;365252;3016;362236;110171;112289;24788;8876;74548;0;20991;3998;0;0;3484;0;0;0;0;0;0;0;0;715;0;0;0;644;0;0;0;1732;2153;363099;84226;103604;32654;12860;74895;0;25131;1834;5551;665;2156;778;0;1642;0;0;0;0;0;0;230;0;588;0;0;546;15393;139;207
NW;05566;Steinfurt;338248;287467;1895;285572;70264;110986;32819;9046;42259;0;17053;1708;0;0;0;0;0;228;0;0;0;0;0;0;0;0;0;0;0;0;0;1209;1485;285982;60280;100141;34536;11540;41436;0;18372;1580;3061;529;1512;435;0;1742;0;0;0;0;0;0;42;0;508;0;0;284;9772;88;124
NW;05570;Warendorf;207690;175926;1399;174527;36247;72720;18940;5119;27935;0;9798;3768;0;0;0;0;0;0;0;0;0;0;0;0;0;0;0;0;0;0;0;0;998;174928;32533;64092;19715;7133;27955;0;10946;1357;1793;360;823;251;0;990;0;0;0;0;0;0;28;0;307;0;0;198;6315;44;88
NW;05711;Bielefeld, Stadt;231967;189673;1533;188140;50721;48783;30171;5714;27056;0;19337;0;0;0;3010;1512;0;1836;0;0;0;0;0;0;0;0;0;0;0;0;0;0;1057;188616;38096;43806;31128;7832;27204;0;25180;490;1838;395;1331;587;0;1261;0;0;0;0;0;0;58;0;324;0;0;199;8677;97;113
NW;05754;Gütersloh;261602;217221;1971;215250;45714;88270;19879;6791;37265;0;11933;2796;0;0;81;36;0;2012;0;0;0;0;0;0;0;0;0;0;0;0;0;473;1438;215783;39058;71826;25002;9603;39706;0;13879;1278;2188;488;1090;371;0;1334;0;0;0;0;0;0;32;0;356;0;0;274;9072;59;167
NW;05758;Herford;186344;152660;1382;151278;44380;45220;10726;4961;32462;0;8949;1872;0;0;2348;0;0;0;0;0;0;0;0;0;0;0;0;0;0;0;360;0;994;151666;32748;41774;14697;6283;32567;0;10841;936;1768;365;963;226;0;641;0;0;0;0;0;0;32;0;242;0;0;208;7207;21;147
NW;05762;Höxter;109042;91683;909;90774;15463;42790;6478;2737;17335;0;4620;1351;0;0;0;0;0;0;0;0;0;0;0;0;0;0;0;0;0;0;0;0;707;90976;14669;35959;7382;3930;17552;0;4981;598;1041;212;430;120;0;306;0;0;0;0;0;0;12;0;152;0;0;121;3406;16;89
NW;05766;Lippe;261716;215629;2303;213326;50239;67493;24407;6495;47293;0;12718;4681;0;0;0;0;0;0;0;0;0;0;0;0;0;0;0;0;0;0;0;0;1614;214015;44487;58549;22053;9069;47355;0;14238;1782;2679;715;1230;372;0;969;0;0;0;0;0;0;38;0;379;0;0;299;9460;60;281
NW;05770;Minden-Lübbecke;235863;192513;2004;190509;48127;61008;17181;6338;41278;0;10852;3325;0;0;414;0;0;1246;0;0;0;0;0;0;0;0;0;0;0;0;740;0;1426;191087;41979;52948;18190;7950;41150;0;12773;1500;2104;539;1148;279;0;764;0;0;0;0;0;0;31;0;359;0;0;266;8763;44;300
NW;05774;Paderborn;231585;192337;1467;190870;29097;86833;20143;4528;34928;0;11949;0;0;0;3392;0;0;0;0;0;0;0;0;0;0;0;0;0;0;0;0;0;1072;191265;26308;71373;21998;8049;36233;0;13550;667;1867;510;1171;284;0;979;0;0;0;0;0;0;27;0;280;0;0;226;7567;41;135
NW;05911;Bochum, Stadt;264445;214915;1979;212936;69217;52025;27615;5945;33145;0;19523;0;0;0;2795;0;0;569;0;0;0;0;0;559;0;0;0;1543;0;0;0;0;1267;213648;52336;49751;29571;7543;32519;0;24641;665;3078;344;1428;433;0;1490;0;0;0;0;0;0;200;0;372;0;0;453;8651;84;89
NW;05913;Dortmund, Stadt;399163;319746;2889;316857;99813;76820;38736;8904;54297;0;28842;0;0;0;6556;0;0;1889;0;0;0;0;0;401;0;0;0;0;0;0;0;599;1921;317825;75372;72371;42471;11319;53449;0;35076;967;5067;622;2623;714;0;1987;0;0;0;0;0;0;202;0;484;0;0;359;14421;170;151
NW;05914;Hagen, Stadt der FernUniversität;123822;95113;969;94144;23388;26380;7416;3122;21046;0;6020;1039;0;0;0;1214;0;0;0;0;0;0;0;167;0;0;0;0;4352;0;0;0;658;94455;19863;26187;7762;3379;20452;0;8008;437;1488;188;496;517;0;332;0;0;0;0;0;0;71;0;133;0;0;116;4913;47;66
NW;05915;Hamm, Stadt;121939;96392;923;95469;30574;29052;5818;2540;20558;0;6927;0;0;0;0;0;0;0;0;0;0;0;0;0;0;0;0;0;0;0;0;0;641;95751;22093;27012;7547;3273;20266;0;7556;330;1316;158;474;258;0;507;0;0;0;0;0;0;27;0;138;0;0;100;4601;53;42
NW;05916;Herne, Stadt;106117;80757;884;79873;27622;18932;5677;1683;17740;0;6628;0;0;0;0;0;0;698;0;0;0;0;0;227;0;0;0;666;0;0;0;0;610;80147;20937;18346;6369;2291;17417;0;7588;296;1407;136;442;198;0;390;0;0;0;0;0;0;80;0;142;0;0;169;3833;48;58
NW;05954;Ennepe-Ruhr-Kreis;243096;202012;1599;200413;58376;61565;19755;6359;35085;0;11692;2153;0;0;2127;231;0;0;0;0;0;0;0;322;0;0;0;585;2163;0;0;0;1131;200881;46642;56096;23544;8318;35455;0;14556;1014;2960;427;1259;354;0;1127;0;0;0;0;0;0;140;0;350;0;0;314;8173;47;105
NW;05958;Hochsauerlandkreis;196716;165006;1008;163998;35080;78259;10024;4120;26087;0;7655;2773;0;0;0;0;0;0;0;0;0;0;0;0;0;0;0;0;0;0;0;0;822;164184;26875;71614;12025;6237;27453;0;8773;1144;1958;336;908;225;0;785;0;0;0;0;0;0;27;0;213;0;0;183;5314;28;86
NW;05962;Märkischer Kreis;290106;231683;2074;229609;52404;84999;14935;7504;50305;0;14897;1027;0;0;0;0;0;0;0;0;0;0;0;0;0;0;0;1318;0;0;0;2220;1502;230181;42010;75661;17369;9309;51263;0;15165;1108;3396;690;1061;495;0;856;0;0;0;0;0;0;59;0;354;0;0;533;10589;82;181
NW;05966;Olpe;99978;84653;530;84123;15758;42210;5134;2724;13711;0;3251;1075;0;0;0;0;0;0;0;0;0;0;0;0;0;0;0;0;0;0;0;260;379;84274;12466;39241;5781;3134;14499;0;4023;543;848;138;348;84;0;281;0;0;0;0;0;0;11;0;125;0;0;72;2606;19;55
NW;05970;Siegen-Wittgenstein;202346;168074;1282;166792;40824;56827;12486;5300;34138;0;10735;2344;0;0;2179;0;0;1288;0;0;0;0;0;0;0;0;0;0;0;0;671;0;862;167212;33315;52767;14338;6630;33907;0;12099;1297;1910;417;1004;244;0;925;0;0;0;0;0;0;27;0;223;0;0;209;7526;43;331
NW;05974;Soest;229384;190466;1445;189021;42544;70487;18133;7449;36727;0;11144;2537;0;0;0;0;0;0;0;0;0;0;0;0;0;0;0;0;0;0;0;0;996;189470;34834;66361;19038;7681;35823;0;11577;1007;2269;523;1013;270;0;908;0;0;0;0;0;0;35;0;351;0;0;232;7406;45;97
NW;05978;Unna;296285;242999;2171;240828;77208;71643;19717;6220;47340;0;15429;0;0;0;0;0;0;1948;0;0;0;0;0;0;0;0;0;1323;0;0;0;0;1476;241523;58394;67092;23506;8262;47232;0;17258;1126;3941;455;1393;496;0;1312;0;0;0;0;0;0;72;0;390;0;0;442;9951;88;113
HE;06411;Darmstadt, Wissenschaftsstadt;106230;89929;683;89246;17408;18692;27141;2787;9219;0;8518;607;921;0;840;0;0;2985;0;0;0;0;0;128;0;0;0;0;0;0;0;0;477;89452;15703;17094;22179;4036;9209;0;13699;418;705;0;492;0;0;1781;0;0;0;154;0;0;39;0;0;0;0;91;3852;0;0
HE;06412;Frankfurt am Main, Stadt;433242;351711;3014;348697;75933;93242;75963;16191;34516;0;39109;2965;0;0;3542;0;0;5718;0;0;0;0;0;548;0;0;0;534;0;0;0;436;2259;349452;59940;84829;68152;23072;34886;0;50237;1819;2778;0;1778;0;0;4238;0;0;0;326;0;0;168;0;0;0;0;471;16758;0;0
HE;06413;Offenbach am Main, Stadt;66899;50334;574;49760;12324;11912;7928;1657;7427;0;7470;1042;0;0;0;0;0;0;0;0;0;0;0;0;0;0;0;0;0;0;0;0;441;49893;8870;10845;6806;2227;7362;0;8630;441;659;0;279;0;0;437;0;0;0;37;0;0;30;0;0;0;0;61;3209;0;0
HE;06414;Wiesbaden, Landeshauptstadt;186038;148215;1453;146762;32697;44997;21876;5944;20406;0;15408;2317;0;0;0;0;0;3117;0;0;0;0;0;0;0;0;0;0;0;0;0;0;1006;147209;25711;39190;23494;8234;20737;0;16939;1244;1504;0;694;0;0;1775;0;0;0;173;0;0;61;0;0;0;0;203;7250;0;0
HE;06431;Bergstraße;195419;164877;1676;163201;34219;59209;14917;6289;33328;0;8822;3650;0;0;0;0;0;2767;0;0;0;0;0;0;0;0;0;0;0;0;0;0;1230;163647;28439;51096;18346;8475;32971;0;9971;2060;2480;0;837;0;0;1502;0;0;0;138;0;0;47;0;0;0;0;273;7012;0;0
HE;06432;Darmstadt-Dieburg;210654;179048;1822;177226;42769;55809;22660;6117;29759;0;10960;2969;1851;0;1015;0;0;3201;0;0;0;0;0;116;0;0;0;0;0;0;0;0;1337;177711;33936;50687;24510;8839;29997;0;13763;1837;2512;0;1047;0;0;2043;0;0;0;149;0;0;73;0;0;0;0;283;8035;0;0
HE;06433;Groß-Gerau;172314;140680;1682;138998;40121;42181;11195;4667;22816;0;12390;3442;0;0;0;0;0;1896;0;0;0;0;0;290;0;0;0;0;0;0;0;0;1253;139427;27976;37900;15831;6267;23608;0;13876;1815;1938;0;812;0;0;1076;0;0;0;146;0;0;85;0;0;0;0;209;7888;0;0
HE;06434;Hochtaunuskreis;162231;139570;1073;138497;24786;55497;19265;8037;18707;0;7040;2615;0;0;0;0;0;2460;0;0;0;0;0;0;0;0;0;90;0;0;0;0;789;138781;21348;49170;20410;11012;18737;0;8371;1419;1440;0;544;0;0;1260;0;0;0;117;0;0;26;0;0;0;0;188;4739;0;0
HE;06435;Main-Kinzig-Kreis;294581;244056;2639;241417;56439;80405;19743;8337;51301;0;15461;5871;0;0;0;0;0;3238;0;0;0;0;0;0;0;0;0;622;0;0;0;0;2010;242046;42270;72269;24508;11622;51494;0;17833;3383;3535;0;1249;0;0;1900;0;0;0;193;0;0;75;0;0;0;0;469;11246;0;0
HE;06436;Main-Taunus-Kreis;163291;140147;1154;138993;25169;54327;19478;6849;18717;0;8714;2694;0;0;0;0;0;2206;0;0;0;0;0;0;0;0;0;839;0;0;0;0;899;139248;22243;47993;20197;9484;19042;0;9570;1498;1466;0;621;0;0;1334;0;0;0;115;0;0;44;0;0;0;0;384;5257;0;0
HE;06437;Odenwaldkreis;68967;57061;729;56332;15262;17937;3695;1930;11948;0;3309;1609;0;0;0;0;0;642;0;0;0;0;0;0;0;0;0;0;0;0;0;0;534;56527;11287;16387;5003;2585;12294;0;3802;855;882;0;249;0;0;413;0;0;0;38;0;0;20;0;0;0;0;111;2601;0;0
HE;06438;Offenbach;235764;195819;1971;193848;40749;68743;24948;7566;30902;0;14672;5234;0;0;0;0;0;1034;0;0;0;0;0;0;0;0;0;0;0;0;0;0;1488;194331;32786;61019;24399;10877;31050;0;16279;2412;2690;0;955;0;0;1718;0;0;0;162;0;0;57;0;0;0;0;286;9641;0;0
HE;06439;Rheingau-Taunus-Kreis;136563;116526;1110;115416;27201;41182;13547;5276;18560;0;5671;2297;0;0;0;0;0;1682;0;0;0;0;0;0;0;0;0;0;0;0;0;0;741;115785;20182;37905;15632;6920;19061;0;7339;1253;1496;0;624;0;0;992;0;0;0;97;0;0;31;0;0;0;0;193;4060;0;0
HE;06440;Wetteraukreis;224722;189378;1856;187522;46054;62502;17085;7090;36198;0;9706;5568;0;0;0;0;0;3101;0;0;0;0;0;0;0;0;0;218;0;0;0;0;1534;187844;32504;57066;22953;9792;36115;0;12874;3314;2612;0;1051;0;0;1681;0;0;0;153;0;0;34;0;0;0;0;316;7379;0;0
HE;06531;Gießen;197731;164901;1541;163360;46528;48783;15177;4592;29387;0;11824;4487;0;0;0;0;0;2582;0;0;0;0;0;0;0;0;0;0;0;0;0;0;1201;163700;31073;42602;21612;6931;29581;0;16728;2625;2042;0;1025;0;0;1543;0;0;0;198;0;0;49;0;0;0;0;269;7422;0;0
HE;06532;Lahn-Dill-Kreis;185831;150621;1483;149138;35171;51456;9691;4127;35479;0;7813;3426;0;0;0;0;0;1975;0;0;0;0;0;0;0;0;0;0;0;0;0;0;1258;149363;27722;45276;12538;6040;35043;0;9751;2180;2031;0;911;0;0;1050;0;0;0;84;0;0;33;0;0;0;0;241;6463;0;0
HE;06533;Limburg-Weilburg;126829;105129;1048;104081;21641;38398;8601;3620;21981;0;5569;2545;0;0;0;0;0;1726;0;0;0;0;0;0;0;0;0;0;0;0;0;0;801;104328;18156;34460;9605;4914;21856;0;6427;1493;1389;0;454;0;0;951;0;0;0;70;0;0;18;0;0;0;0;182;4353;0;0
HE;06534;Marburg-Biedenkopf;179872;152353;1186;151167;45774;44014;13738;3481;27633;0;11452;2642;0;0;0;0;0;1496;0;0;0;0;0;0;0;0;0;0;0;0;0;937;967;151386;31104;39799;19599;5910;27521;0;16006;1877;1689;0;651;0;0;946;0;0;0;116;0;0;32;0;0;0;0;213;5923;0;0
HE;06535;Vogelsbergkreis;82329;68513;770;67743;14667;23898;4137;2003;16022;0;3346;2574;0;0;325;0;0;573;0;0;0;0;0;0;0;0;0;198;0;0;0;0;664;67849;12477;20681;5197;2931;16254;0;4014;1759;837;0;386;0;0;351;0;0;0;54;0;0;14;0;0;0;0;142;2752;0;0
HE;06611;Kassel, documenta-Stadt;134111;106991;1188;105803;27804;22405;18268;2687;15591;0;15583;1517;0;0;0;0;0;1676;0;0;0;0;0;272;0;0;0;0;0;0;0;0;854;106137;21959;20696;18407;3678;15086;0;16558;727;1330;0;571;0;0;903;0;0;0;80;0;0;92;0;0;0;0;146;5904;0;0
HE;06631;Fulda;167615;142323;1116;141207;17446;63156;9383;4968;32253;0;5768;4777;0;0;1282;0;0;1635;0;0;0;0;0;0;0;0;0;539;0;0;0;0;1003;141320;16512;55145;10772;7073;33274;0;7308;3001;1298;0;621;0;0;1083;0;0;0;87;0;0;17;0;0;0;0;277;4852;0;0
HE;06632;Hersfeld-Rotenburg;89848;74154;875;73279;22089;21405;3220;1958;17864;0;3332;2154;0;0;0;0;0;855;0;0;0;0;0;0;0;0;0;0;0;0;0;402;747;73407;16093;21235;4649;2828;18131;0;4027;1432;853;0;310;0;0;576;0;0;0;38;0;0;15;0;0;0;0;122;3098;0;0
HE;06633;Kassel;184376;155732;1918;153814;48012;44082;12164;4352;30298;0;9938;4061;0;0;0;0;0;813;0;0;0;0;0;94;0;0;0;0;0;0;0;0;1563;154169;38790;41560;14356;5646;29813;0;10321;2167;2376;0;680;0;0;792;0;0;0;110;0;0;60;0;0;0;0;228;7270;0;0
HE;06634;Schwalm-Eder-Kreis;138843;117316;1487;115829;34444;33439;6599;3251;27451;0;6029;4616;0;0;0;0;0;0;0;0;0;0;0;0;0;0;0;0;0;0;0;0;1267;116049;26893;30710;9244;4699;27320;0;6621;2490;1816;0;555;0;0;475;0;0;0;65;0;0;22;0;0;0;0;147;4992;0;0
HE;06635;Waldeck-Frankenberg;119697;98797;990;97807;22466;33891;6571;3637;22844;0;5089;3309;0;0;0;0;0;0;0;0;0;0;0;0;0;0;0;0;0;0;0;0;805;97992;19182;30479;7812;4307;22610;0;5571;1701;1267;0;432;0;0;339;0;0;0;74;0;0;16;0;0;0;0;149;4053;0;0
HE;06636;Werra-Meißner-Kreis;77922;64453;764;63689;15921;22768;4137;1368;13062;0;3914;1807;0;0;0;0;0;512;0;0;0;0;0;0;0;0;0;0;0;0;0;200;672;63781;14354;17749;5299;2424;13726;0;4543;1347;891;0;283;0;0;383;0;0;0;40;0;0;12;0;0;0;0;86;2644;0;0
RP;07111;Koblenz, kreisfreie Stadt;80612;65444;651;64793;16490;20987;8211;2046;9140;0;4831;2032;0;0;0;0;0;1056;0;0;0;0;0;0;0;0;0;0;0;0;0;0;372;65072;12433;18602;9510;3288;9315;0;6502;934;623;0;380;0;0;592;92;0;0;0;0;0;20;0;0;0;0;79;2702;0;0
RP;07131;Ahrweiler;98868;82828;819;82009;14876;33978;9018;2921;12275;0;4315;2578;0;0;0;0;0;1186;486;0;0;0;0;0;0;0;0;376;0;0;0;0;459;82369;14314;30459;9324;4164;12664;0;4782;1496;878;0;351;0;0;620;205;0;0;0;0;0;16;0;0;0;0;157;2939;0;0
RP;07132;Altenkirchen (Westerwald);98440;81299;733;80566;18675;27946;4081;3337;17396;0;3937;1647;0;0;0;0;0;795;0;0;0;0;0;0;0;0;0;0;2752;0;0;0;476;80823;14995;26534;5668;3570;18167;0;4802;1229;1029;0;361;0;0;438;93;0;0;0;0;0;25;0;0;0;0;103;3809;0;0
RP;07133;Bad Kreuznach;118201;97037;951;96086;25627;31459;5930;3510;18554;0;4451;2406;0;0;0;0;0;1098;0;0;0;0;0;0;0;0;0;0;3051;0;0;0;602;96435;19702;29717;8769;4450;19690;0;5967;1571;1178;0;384;0;0;750;144;0;0;0;0;0;22;0;0;0;0;116;3975;0;0
RP;07134;Birkenfeld;61322;49405;555;48850;12455;15309;1835;1204;12134;0;1901;1998;0;0;0;0;0;343;0;0;0;0;0;0;0;0;0;0;1671;0;0;0;386;49019;9790;14359;2801;1975;12762;0;2617;1141;638;0;237;0;0;249;58;0;0;0;0;0;11;0;0;0;0;65;2316;0;0
RP;07135;Cochem-Zell;47749;40035;663;39372;7225;16826;2433;1729;7300;0;1724;1480;0;0;0;0;0;289;366;0;0;0;0;0;0;0;0;0;0;0;0;0;353;39682;6648;15656;2736;1940;7338;0;1975;924;490;0;162;0;0;181;124;0;0;0;0;0;2;0;0;0;0;75;1431;0;0
RP;07137;Mayen-Koblenz;163424;136173;1469;134704;28806;51216;9949;4142;26131;0;6620;5669;0;0;0;0;0;1482;345;0;0;0;0;0;0;0;0;344;0;0;0;0;858;135315;25024;45527;12174;6227;26764;0;7745;3090;1516;0;606;0;0;812;202;0;0;0;0;0;32;0;0;0;0;203;5393;0;0
RP;07138;Neuwied;137657;113025;1198;111827;23639;40555;7840;3521;22969;0;5752;2698;0;0;0;0;0;1160;0;0;0;0;0;0;0;0;0;0;3693;0;0;0;744;112281;20684;35762;10006;4918;23832;0;6893;2005;1345;0;538;0;0;740;146;0;0;0;0;0;27;0;0;0;0;177;5208;0;0
RP;07140;Rhein-Hunsrück-Kreis;79794;67648;934;66714;12955;23685;5204;4059;13962;0;2994;2646;0;0;0;0;0;717;492;0;0;0;0;0;0;0;0;0;0;0;0;0;463;67185;12106;21515;5551;3621;14452;0;3517;1620;785;0;330;0;0;513;196;0;0;0;0;0;14;0;0;0;0;131;2834;0;0
RP;07141;Rhein-Lahn-Kreis;93287;77598;952;76646;19528;24976;5539;2430;15208;0;3960;3374;1230;0;0;0;0;401;0;0;0;0;0;0;0;0;0;0;0;0;0;0;566;77032;16132;22587;6920;3339;15617;0;4842;1929;1146;0;364;0;0;540;106;0;0;0;0;0;37;0;0;0;0;143;3330;0;0
RP;07143;Westerwaldkreis;154115;128037;1624;126413;28790;47525;7529;3909;25738;0;6231;3712;2979;0;0;0;0;0;0;0;0;0;0;0;0;0;0;0;0;0;0;0;1070;126967;22156;43111;10475;5921;26511;0;7445;2457;1756;0;611;0;0;807;145;0;0;0;0;0;19;0;0;0;0;216;5337;0;0
RP;07211;Trier, kreisfreie Stadt;76639;61530;472;61058;19198;16215;7269;1783;7885;0;4433;998;0;0;0;0;0;758;274;0;0;0;0;0;0;0;0;0;2245;0;0;0;326;61204;11904;15488;10147;2746;8496;0;6990;709;654;0;362;0;0;695;134;0;0;0;0;0;26;0;0;0;0;66;2787;0;0
RP;07231;Bernkastel-Wittlich;84219;70337;948;69389;14739;26326;5063;3345;12162;0;3200;3501;0;0;0;0;0;782;271;0;0;0;0;0;0;0;0;0;0;0;0;0;478;69859;12573;24803;5649;3620;12583;0;3723;2201;909;0;342;0;0;376;160;0;0;0;0;0;10;0;0;0;0;100;2810;0;0
RP;07232;Eifelkreis Bitburg-Prüm;71182;59306;627;58679;11094;23073;2697;1414;8945;0;1883;8667;0;0;0;0;0;906;0;0;0;0;0;0;0;0;0;0;0;0;0;0;380;58926;9870;21211;4208;2562;10002;0;2791;4902;554;0;231;0;0;412;114;0;0;0;0;0;7;0;0;0;0;80;1982;0;0
RP;07233;Vulkaneifel;47303;39455;449;39006;8164;17054;2004;1196;6956;0;1586;1540;0;0;0;0;0;506;0;0;0;0;0;0;0;0;0;0;0;0;0;0;268;39187;6582;15022;2844;1819;7282;0;2028;1052;451;0;200;0;0;242;82;0;0;0;0;0;4;0;0;0;0;59;1520;0;0
RP;07235;Trier-Saarburg;110930;95191;950;94241;27753;31611;5574;4365;14203;0;3358;3127;0;0;0;0;0;800;344;0;0;0;0;0;0;0;0;0;3106;0;0;0;586;94605;19188;32342;8873;4510;15583;0;4993;2483;1060;0;459;0;0;739;177;0;0;0;0;0;11;0;0;0;0;133;4054;0;0
RP;07311;Frankenthal (Pfalz), kreisfreie Stadt;31519;24822;318;24504;5868;6615;1574;824;6191;0;1064;1181;0;0;0;0;0;264;0;0;0;0;0;0;0;0;0;89;834;0;0;0;211;24611;4405;6860;1909;1078;6381;0;1487;653;280;0;116;0;0;137;20;0;0;0;0;0;5;0;0;0;0;41;1239;0;0
RP;07312;Kaiserslautern, kreisfreie Stadt;67052;52005;501;51504;14436;11077;3909;1509;12771;0;2880;2030;0;0;0;0;0;552;0;0;0;0;0;0;0;0;0;146;2194;0;0;0;308;51697;9797;11615;5806;2072;12834;0;4382;1115;681;0;236;0;0;364;67;0;0;0;0;0;19;0;0;0;0;98;2611;0;0
RP;07313;Landau in der Pfalz, kreisfreie Stadt;35958;29639;242;29397;7202;9010;4067;759;4054;0;1899;519;480;0;0;0;0;565;0;0;0;0;0;0;0;0;0;0;842;0;0;0;178;29461;5409;7447;5371;1189;4340;0;3236;327;325;0;182;0;0;346;55;0;0;0;0;0;9;0;0;0;0;23;1202;0;0
RP;07314;Ludwigshafen am Rhein, kreisfreie Stadt;97715;72848;845;72003;20143;17082;5158;2257;17327;0;4452;1696;0;0;0;0;0;728;0;0;0;0;0;0;0;0;0;319;2841;0;0;0;610;72238;14514;17425;6310;2765;17564;0;6296;1019;1053;0;361;0;0;509;85;0;0;0;0;0;24;0;0;0;0;226;4087;0;0
RP;07315;Mainz, kreisfreie Stadt;150429;128787;839;127948;30181;31046;29629;4767;9969;0;14064;1211;0;0;814;0;0;2676;721;0;0;0;0;0;0;0;0;0;2870;0;0;0;561;128226;23159;30330;30926;6539;10769;0;17858;810;820;0;544;0;0;1706;432;0;0;0;0;0;33;0;0;0;0;89;4211;0;0
RP;07316;Neustadt an der Weinstraße, kreisfreie Stadt;39919;33332;300;33032;7155;10844;3753;938;6352;0;1321;1029;0;0;0;0;0;562;0;0;0;0;0;0;0;0;0;68;1010;0;0;0;222;33110;5928;9519;4510;1578;6591;0;1950;749;366;0;130;0;0;366;36;0;0;0;0;0;3;0;0;0;0;54;1330;0;0
RP;07317;Pirmasens, kreisfreie Stadt;29595;21841;297;21544;4147;6820;708;556;6467;0;973;329;715;0;0;0;0;0;0;0;0;0;0;0;0;0;0;42;787;0;0;0;239;21602;3494;5760;1062;905;6891;0;1166;294;572;0;106;0;0;95;11;0;0;0;0;0;5;0;0;0;0;48;1193;0;0
RP;07318;Speyer, kreisfreie Stadt;35520;28487;282;28205;6287;8462;3178;962;5758;0;1520;569;0;0;0;0;0;404;0;0;0;0;0;0;0;0;0;89;976;0;0;0;211;28276;5122;7484;3859;1272;5980;0;2039;343;365;0;122;0;0;267;45;0;0;0;0;0;5;0;0;0;0;74;1299;0;0
RP;07319;Worms, kreisfreie Stadt;56510;44119;557;43562;10013;14548;2918;1006;10247;0;2459;626;0;0;0;0;0;453;0;0;0;0;0;0;0;0;0;0;1154;0;0;138;447;43672;8146;11707;3987;1853;10976;0;3267;488;608;0;211;0;0;311;52;0;0;0;0;0;13;0;0;0;0;75;1978;0;0
RP;07320;Zweibrücken, kreisfreie Stadt;25455;20242;216;20026;4710;5192;1161;813;5293;0;1012;476;549;0;0;0;0;0;0;0;0;0;0;0;0;0;0;33;787;0;0;0;153;20089;3996;4838;1400;874;5586;0;1294;334;378;0;106;0;0;76;20;0;0;0;0;0;3;0;0;0;0;38;1146;0;0
RP;07331;Alzey-Worms;98146;84186;826;83360;17996;29619;5960;2316;17937;0;3674;2159;0;0;0;0;0;1200;0;0;0;0;0;0;0;0;0;0;2224;0;0;275;622;83564;16081;23877;8091;3870;19471;0;4812;1571;1101;0;366;0;0;760;119;0;0;0;0;0;20;0;0;0;0;118;3307;0;0
RP;07332;Bad Dürkheim;103413;88825;794;88031;20090;31692;7147;2625;16979;0;3089;2402;0;0;0;0;0;1205;0;0;0;0;0;0;0;0;0;233;2569;0;0;0;582;88243;16670;27526;9448;4498;17912;0;4503;1784;1110;0;327;0;0;776;106;0;0;0;0;0;16;0;0;0;0;149;3418;0;0
RP;07333;Donnersbergkreis;57681;47263;672;46591;12548;12175;2663;1430;11781;0;1862;1862;0;0;0;0;0;425;0;0;0;0;0;0;0;0;0;100;1745;0;0;0;467;46796;9614;12161;3647;1986;12038;0;2580;1242;754;0;208;0;0;282;74;0;0;0;0;0;10;0;0;0;0;81;2119;0;0
RP;07334;Germersheim;93414;77939;648;77291;12637;30703;4674;2049;18085;0;2835;1736;1265;0;0;0;0;726;0;0;0;0;0;0;0;0;0;0;2581;0;0;0;521;77418;12350;24136;6752;3312;19315;0;4149;1479;1026;0;354;0;0;590;113;0;0;0;0;0;21;0;0;0;0;98;3723;0;0
RP;07335;Kaiserslautern;78699;66603;719;65884;15895;18716;3219;1761;17010;0;2092;3518;670;0;0;0;0;275;0;0;0;0;0;0;0;0;0;152;2576;0;0;0;528;66075;12467;18821;4448;2428;17978;0;3032;1898;966;0;253;0;0;312;76;0;0;0;0;0;16;0;0;0;0;115;3265;0;0
RP;07336;Kusel;54713;45303;798;44505;12917;10753;1790;1194;11885;0;1568;1783;0;0;0;0;0;324;0;0;0;0;0;0;0;0;0;111;2180;0;0;0;526;44777;10161;11186;2584;1578;12035;0;2198;1325;753;0;204;0;0;174;52;0;0;0;0;0;17;0;0;0;0;86;2424;0;0
RP;07337;Südliche Weinstraße;86623;72324;826;71498;14435;28411;5058;1878;13448;0;2380;1842;1315;0;0;0;0;793;0;0;0;0;0;0;0;0;0;0;1938;0;0;0;624;71700;12946;23496;7677;3183;14211;0;3570;1557;1134;0;303;0;0;628;108;0;0;0;0;0;11;0;0;0;0;110;2766;0;0
RP;07338;Rhein-Pfalz-Kreis;114112;96910;1232;95678;22239;31522;8471;3713;19747;0;3470;2638;0;0;0;0;0;829;0;0;0;0;0;0;0;0;0;338;2711;0;0;0;839;96071;17545;30577;9700;4705;20319;0;4841;1823;1283;0;447;0;0;629;109;0;0;0;0;0;20;0;0;0;0;206;3867;0;0
RP;07339;Mainz-Bingen;157975;135710;1633;134077;31263;45043;16106;5106;19378;0;7915;2874;0;0;626;0;0;2149;312;0;0;0;0;0;0;0;0;0;3116;0;0;189;1237;134473;25850;41654;19913;6894;20571;0;8882;2065;1525;0;642;0;0;1516;298;0;0;0;0;0;21;0;0;0;0;148;4494;0;0
RP;07340;Südwestpfalz;76292;65015;957;64058;13285;23540;2761;1953;14377;0;1933;2019;1906;0;0;0;0;0;0;0;0;0;0;0;0;0;0;98;2186;0;0;0;717;64298;10950;21509;3814;2798;15875;0;2713;1394;1430;0;318;0;0;296;83;0;0;0;0;0;17;0;0;0;0;104;2997;0;0
BW;08111;Stuttgart, Stadtkreis;363827;301680;1982;299698;47288;87723;75105;15116;34009;0;26617;3771;0;0;3229;0;0;5626;0;0;0;0;0;627;0;0;0;0;0;0;0;587;1038;300642;46698;79527;65093;19846;34400;0;32625;1853;1815;658;1379;0;0;3481;478;0;0;0;271;0;239;0;0;0;0;228;12051;0;0
BW;08115;Böblingen;258659;218483;1441;217042;36140;81614;29320;13136;37078;0;10553;6415;0;28;0;0;0;1865;23;0;0;0;0;280;0;0;0;0;0;0;0;590;974;217509;31193;72644;30280;15251;38115;0;12815;3188;1474;494;817;0;0;1408;347;0;0;0;457;0;113;0;0;0;0;235;8678;0;0
BW;08116;Esslingen;358778;303882;1781;302101;49391;112809;45104;14699;50802;0;18052;8342;0;1104;0;0;0;1798;0;0;0;0;0;0;0;0;0;0;0;0;0;0;1308;302574;44709;100184;43063;18889;51727;0;19472;4388;2529;1165;1315;0;0;2223;526;0;0;0;473;0;137;0;0;0;0;300;11474;0;0
BW;08117;Göppingen;174712;143877;1193;142684;24232;52947;13239;5839;32264;0;6812;4449;0;1653;0;0;0;1072;0;0;0;0;0;177;0;0;0;0;0;0;0;0;832;143045;20544;47872;13447;7925;33280;0;7796;2137;1229;729;604;0;0;676;256;0;0;0;169;0;68;0;0;0;0;153;6160;0;0
BW;08118;Ludwigsburg;358450;304575;1900;302675;46202;114088;43776;13596;53130;0;17824;6311;0;2653;0;0;0;3689;1406;0;0;0;0;0;0;0;0;0;0;0;0;0;1289;303286;45539;98616;42462;18617;54324;0;19276;3971;2268;1231;1222;0;0;2322;644;0;0;0;403;0;101;0;0;0;0;287;12003;0;0
BW;08119;Rems-Murr-Kreis;292377;245196;1709;243487;41263;89914;29333;13254;47905;0;12762;6114;0;2092;782;0;0;0;0;0;0;0;0;68;0;0;0;0;0;0;0;0;1093;244103;35291;79509;30212;16007;48924;0;14073;3069;2225;1166;1013;0;0;1517;482;0;0;0;539;0;101;0;0;0;0;312;9663;0;0
BW;08121;Heilbronn, Stadtkreis;74039;56924;533;56391;9118;18314;5705;3195;13131;0;4645;834;0;494;0;0;0;683;0;0;0;0;0;121;0;0;0;151;0;0;0;0;380;56544;8679;15054;6230;3651;13322;0;4687;475;554;241;314;0;0;414;96;0;0;0;66;0;44;0;0;0;0;49;2668;0;0
BW;08125;Heilbronn;241651;204107;1560;202547;30300;74720;17688;9634;49521;0;9866;5350;0;2250;0;0;0;2123;369;0;0;0;0;193;0;0;0;533;0;0;0;0;1127;202980;28078;63486;19216;13165;50728;0;10421;3124;2065;1169;894;0;0;1263;440;0;0;0;430;0;63;0;0;0;0;277;8161;0;0
BW;08126;Hohenlohekreis;81919;68532;482;68050;9511;25345;5980;3512;16897;0;2947;2083;0;549;647;0;0;579;0;0;0;0;0;0;0;0;0;0;0;0;0;0;365;68167;8688;22425;6011;3942;17695;0;3341;1147;596;285;302;0;0;472;142;0;0;0;156;0;24;0;0;0;0;105;2836;0;0
BW;08127;Schwäbisch Hall;142527;117576;932;116644;17988;41873;12548;4795;27466;0;5955;2531;0;1518;1072;0;0;898;0;0;0;0;0;0;0;0;0;0;0;0;0;0;726;116850;15757;36392;12072;6640;28729;0;6504;1715;929;831;594;0;0;633;318;0;0;0;373;0;46;0;0;0;0;161;5156;0;0
BW;08128;Main-Tauber-Kreis;99516;83665;690;82975;11169;37229;6759;2637;17433;0;4015;2649;0;1084;0;0;0;0;0;0;0;0;0;0;0;0;0;0;0;0;0;0;479;83186;10860;31272;7507;4029;17968;0;4216;1643;706;414;353;0;0;387;261;0;0;0;87;0;19;0;0;0;0;85;3379;0;0
BW;08135;Heidenheim;91165;74199;693;73506;11613;27394;5945;2491;18738;0;4140;1889;0;0;0;0;0;609;0;0;0;0;0;0;0;0;0;687;0;0;0;0;418;73781;11189;22493;6756;3546;18492;0;4362;1130;641;270;314;0;0;314;184;0;0;0;115;0;34;0;0;0;0;192;3749;0;0
BW;08136;Ostalbkreis;229227;192501;1776;190725;27726;78991;17795;7043;41802;0;9297;4869;0;0;1259;0;0;1269;0;0;0;0;0;163;0;0;0;511;0;0;0;0;1031;191470;25963;69071;18886;9524;42077;0;10416;2814;1433;603;893;0;0;1045;284;0;0;0;285;0;73;0;0;0;0;240;7863;0;0
BW;08211;Baden-Baden, Stadtkreis;37221;29815;244;29571;4090;11828;4540;1322;5431;0;1366;705;0;289;0;0;0;0;0;0;0;0;0;0;0;0;0;0;0;0;0;0;151;29664;4242;10223;4025;1927;5479;0;1637;315;256;99;106;0;0;190;29;0;0;0;26;0;4;0;0;0;0;14;1092;0;0
BW;08212;Karlsruhe, Stadtkreis;202812;168556;1126;167430;25553;39597;51306;6399;22986;0;13353;2015;0;0;1945;0;0;4021;0;0;0;0;0;255;0;0;0;0;0;0;0;0;711;167845;26164;37645;40424;8658;22678;0;18800;993;1393;352;1020;0;0;2745;223;0;0;0;269;0;95;0;0;0;0;139;6247;0;0
BW;08215;Karlsruhe;320247;270671;2441;268230;39956;102893;32569;11251;54048;0;13415;8087;0;0;2084;0;0;3927;0;0;0;0;0;0;0;0;0;0;0;0;0;0;1422;269249;38663;89072;33512;14433;55368;0;14961;3875;2928;760;1339;0;0;2269;382;0;0;0;536;0;73;0;0;0;0;304;10774;0;0
BW;08216;Rastatt;163743;134158;1272;132886;20479;51288;13734;4405;30644;0;6242;4706;0;1388;0;0;0;0;0;0;0;0;0;0;0;0;0;0;0;0;0;0;886;133272;19311;44125;13648;6105;31292;0;7100;2295;1358;614;555;0;0;831;176;0;0;0;117;0;31;0;0;0;0;125;5589;0;0
BW;08221;Heidelberg, Stadtkreis;100749;86125;464;85661;12434;20235;31150;2974;7550;0;7519;557;0;0;1083;0;0;2069;0;0;0;0;0;90;0;0;0;0;0;0;0;0;293;85832;13795;18112;24144;4817;7651;0;11627;283;465;123;406;0;0;1291;91;0;0;0;79;0;31;0;0;0;0;77;2840;0;0
BW;08222;Mannheim, Stadtkreis;195336;153146;1225;151921;34137;37566;27493;6391;27170;0;12117;2626;2759;0;1441;0;0;0;0;0;0;0;0;221;0;0;0;0;0;0;0;0;869;152277;27687;35227;24376;7839;26735;0;17211;1128;1762;310;820;0;0;1491;168;0;0;0;169;0;82;0;0;0;0;122;7150;0;0
BW;08225;Neckar-Odenwald-Kreis;106966;87750;825;86925;12846;35571;6575;2699;21642;0;3674;3110;0;808;0;0;0;0;0;0;0;0;0;0;0;0;0;0;0;0;0;0;593;87157;11712;30682;6777;4129;22182;0;4117;1600;770;284;347;0;0;391;176;0;0;0;148;0;12;0;0;0;0;111;3719;0;0
BW;08226;Rhein-Neckar-Kreis;394290;332275;2727;329548;62563;113414;45603;13600;61712;0;17700;8938;0;0;1188;0;0;4745;0;0;0;0;0;85;0;0;0;0;0;0;0;0;1725;330550;54233;102311;44011;18672;62657;0;21503;4311;3295;812;1594;0;0;2764;443;0;0;0;435;0;68;0;0;0;0;342;13099;0;0
BW;08231;Pforzheim, Stadtkreis;71755;54291;730;53561;10295;17814;0;2777;16836;0;4283;0;0;0;0;0;0;1556;0;0;0;0;0;0;0;0;0;0;0;0;0;0;389;53902;6583;14508;5144;3079;15776;0;3767;449;656;133;216;0;0;412;59;0;0;0;126;0;25;0;0;0;0;59;2910;0;0
BW;08235;Calw;111743;92728;664;92064;11612;35482;8022;3746;21775;0;3666;4101;1338;0;0;0;0;786;0;0;0;1173;0;0;0;0;0;363;0;0;0;0;452;92276;11234;30744;8604;5338;23501;0;4480;1700;862;298;305;0;0;486;187;0;0;0;768;0;19;0;0;0;0;138;3612;0;0
BW;08236;Enzkreis;141227;120030;1559;118471;25927;45948;0;6605;29429;0;6740;0;0;0;0;0;0;3822;0;0;0;0;0;0;0;0;0;0;0;0;0;0;591;119439;16241;38327;13093;7690;28183;0;5553;1539;1386;393;489;0;0;931;204;0;0;0;463;0;26;0;0;0;0;170;4751;0;0
BW;08237;Freudenstadt;85813;70954;610;70344;9333;27917;5165;3092;17550;0;2646;1711;1087;0;0;0;0;740;0;0;0;848;0;0;0;0;0;255;0;0;0;0;408;70546;8641;24330;5750;4333;18110;0;3169;970;658;238;200;0;0;412;131;0;0;0;555;0;9;0;0;0;0;125;2915;0;0
BW;08311;Freiburg im Breisgau, Stadtkreis;161136;138091;889;137202;21582;27182;51046;3435;12011;0;16315;1417;0;0;1329;0;0;2703;0;0;0;0;0;182;0;0;0;0;0;0;0;0;517;137574;20888;24600;41561;5349;12161;0;23307;688;1005;294;649;0;0;1608;253;0;0;0;143;0;58;0;0;0;0;83;4927;0;0
BW;08315;Breisgau-Hochschwarzwald;194407;166104;1225;164879;27405;59118;30366;5697;24289;0;9180;5524;0;620;513;0;0;2111;0;0;0;0;0;56;0;0;0;0;0;0;0;0;814;165290;25403;52970;28645;8242;25039;0;10805;2547;1705;610;734;0;0;1310;352;0;0;0;304;0;48;0;0;0;0;180;6396;0;0
BW;08316;Emmendingen;124179;105287;787;104500;25877;38031;12225;3077;16449;0;4868;3973;0;0;0;0;0;0;0;0;0;0;0;0;0;0;0;0;0;0;0;0;529;104758;17529;33593;16034;4650;17247;0;6543;1906;1205;269;564;0;0;735;262;0;0;0;130;0;31;0;0;0;0;103;3957;0;0
BW;08317;Ortenaukreis;314344;257389;2399;254990;37890;98190;27645;10451;54345;0;13139;10982;0;0;0;0;0;2280;0;0;0;0;0;0;0;0;0;0;0;0;0;68;1586;255803;34675;85562;27754;13298;56612;0;14243;4870;2542;993;1040;0;0;1742;412;0;0;0;356;0;44;0;0;0;0;256;11404;0;0
BW;08325;Rottweil;101227;83957;812;83145;10235;31853;6407;4551;22070;0;3412;2790;0;0;0;0;0;1827;0;0;0;0;0;0;0;0;0;0;0;0;0;0;573;83384;9629;28451;6633;5180;21837;0;3548;1319;788;345;304;0;0;803;401;0;0;0;210;0;11;0;0;0;0;127;3798;0;0
BW;08326;Schwarzwald-Baar-Kreis;145448;118603;958;117645;17408;49299;8919;4097;27042;0;4785;2538;0;0;0;0;0;1361;0;0;0;0;0;0;0;0;0;0;0;0;0;2196;808;117795;14952;39609;11603;6204;28766;0;5974;1825;1132;447;461;0;0;844;212;0;0;0;266;0;45;0;0;0;0;154;5301;0;0
BW;08327;Tuttlingen;94974;77430;747;76683;7462;30392;6054;4168;21932;0;3735;2004;0;0;0;0;0;936;0;0;0;0;0;0;0;0;0;0;0;0;0;0;548;76882;7678;26612;5810;4557;21564;0;3993;1031;716;287;333;0;0;462;121;0;0;0;146;0;19;0;0;0;0;102;3451;0;0
BW;08335;Konstanz;207094;170740;1166;169574;26451;63922;25390;7363;29587;0;9987;3341;0;0;0;0;0;2911;0;0;0;0;0;0;0;0;0;0;0;0;0;622;789;169951;22599;51163;28615;9820;31136;0;12660;1929;1349;466;872;0;0;1691;301;0;0;0;219;0;48;0;0;0;0;148;6935;0;0
BW;08336;Lörrach;160547;129579;976;128603;22914;41916;19091;3911;23333;0;7897;7525;0;0;0;0;0;2016;0;0;0;0;0;0;0;0;0;0;0;0;0;0;726;128853;20860;36903;18951;6261;24232;0;8862;2640;1352;402;634;0;0;1132;218;0;0;0;393;0;54;0;0;0;0;132;5827;0;0
BW;08337;Waldshut;118456;95485;632;94853;17833;35957;8826;3477;19933;0;4290;2603;0;752;0;0;0;1182;0;0;0;0;0;0;0;0;0;0;0;0;0;0;475;95010;13335;32185;11037;4800;20421;0;5041;1561;796;383;345;0;0;804;188;0;0;0;163;0;21;0;0;0;0;124;3806;0;0
BW;08415;Reutlingen;197827;165466;1264;164202;22440;63189;20868;9115;32479;0;9118;4649;0;0;2054;0;0;0;0;0;0;0;0;290;0;0;0;0;0;0;0;0;812;164654;21625;53652;20122;10604;34596;0;9970;2127;1310;443;766;0;0;994;269;0;0;0;363;0;73;0;0;0;0;195;7545;0;0
BW;08416;Tübingen;164005;142737;915;141822;18810;43633;39562;5048;18530;0;9237;2453;0;0;1415;0;0;1636;0;0;0;0;0;0;0;0;0;0;0;0;0;1498;536;142201;20531;39265;30591;7029;19447;0;15015;1243;909;324;597;0;0;1147;261;0;0;0;238;0;66;0;0;0;0;129;5409;0;0
BW;08417;Zollernalbkreis;136153;111425;1138;110287;19166;40358;6766;4732;29945;0;4500;3430;0;0;252;0;0;169;0;0;0;0;0;218;0;0;0;666;0;0;0;85;598;110827;12660;38581;8379;6193;30037;0;5414;1527;971;337;454;0;0;518;224;0;0;0;179;0;97;0;0;0;0;232;5024;0;0
BW;08421;Ulm, Stadtkreis;82660;68996;430;68566;11635;20944;16061;2484;9331;0;4699;967;1191;0;0;0;0;906;0;0;0;0;0;110;0;0;0;238;0;0;0;0;282;68714;11364;18526;13731;3570;9592;0;6507;604;632;153;315;0;0;668;127;0;0;0;62;0;41;0;0;0;0;81;2741;0;0
BW;08425;Alb-Donau-Kreis;140879;121024;810;120214;13585;52281;13283;4216;25659;0;4676;2833;1772;0;0;0;0;812;0;0;0;0;0;108;0;0;0;989;0;0;0;0;597;120427;14118;45601;11936;6179;26856;0;5693;1948;1120;377;422;0;0;621;284;0;0;0;237;0;35;0;0;0;0;358;4642;0;0
BW;08426;Biberach;148003;126034;869;125165;16046;50870;12893;4827;28321;0;4661;3933;2085;0;0;0;0;1529;0;0;0;0;0;0;0;0;0;0;0;0;0;0;675;125359;13089;47782;12282;6337;29404;0;5578;2306;1109;497;504;0;0;801;469;0;0;0;239;0;25;0;0;0;0;192;4745;0;0
BW;08435;Bodenseekreis;157479;132257;962;131295;20461;52664;17181;4299;25805;0;5503;3156;0;0;0;0;0;2016;0;0;0;0;0;210;0;0;0;0;0;0;0;0;667;131590;17437;46156;18390;7694;24062;0;7289;1798;933;452;540;0;0;1012;275;0;0;0;181;0;45;0;0;0;0;139;5187;0;0
BW;08436;Ravensburg;210011;176478;1355;175123;19388;68483;25797;9676;32915;0;10596;5372;316;0;0;0;0;2580;0;0;0;0;0;0;0;0;0;0;0;0;0;0;855;175623;20308;62301;22623;9486;33812;0;11106;3069;1381;835;770;0;0;1392;730;0;0;0;304;0;50;0;0;0;0;192;7264;0;0
BW;08437;Sigmaringen;96233;79668;839;78829;14573;29911;4774;2962;20296;0;3233;2216;0;0;0;0;0;316;0;0;0;0;0;120;0;0;0;428;0;0;0;0;511;79157;8404;29503;6298;4034;20216;0;4007;1261;698;259;326;0;0;373;172;0;0;0;120;0;31;0;0;0;0;134;3321;0;0
BY;09161;Ingolstadt;89132;67763;438;67325;9535;0;6210;1433;12869;29065;3233;2111;787;0;633;0;0;722;727;0;0;0;0;0;0;0;0;0;0;0;0;0;346;67417;8176;0;7815;2809;13596;24733;3998;1856;526;207;371;0;0;442;293;0;0;45;0;84;18;0;0;0;0;47;2401;0;0
BY;09162;München, Landeshauptstadt;928966;782788;5362;777426;127520;0;208168;34314;51011;260961;47108;15079;5327;0;5472;0;0;14279;0;0;0;0;0;103;0;0;0;2199;4593;0;0;1292;1872;780916;119789;0;183581;47847;72986;229442;69505;9242;5060;1637;3287;0;0;9370;2705;0;0;696;0;672;185;0;0;0;0;568;24344;0;0
BY;09163;Rosenheim;40999;32865;184;32681;3908;0;5124;1052;5587;11684;2261;1591;473;397;0;0;0;420;0;0;70;0;0;0;0;0;0;114;0;0;0;0;113;32752;3920;0;5098;1573;5822;10588;2515;893;311;175;203;0;0;218;146;0;0;36;0;62;7;0;0;0;0;40;1145;0;0
BY;09171;Altötting;82057;66708;397;66311;6182;0;5135;1594;15544;28691;2924;4110;0;835;0;0;0;0;1296;0;0;0;0;0;0;0;0;0;0;0;0;0;245;66463;6004;0;5298;2087;15970;26031;3120;3544;514;397;278;0;0;230;411;0;0;38;0;160;10;0;0;0;0;50;2321;0;0
BY;09172;Berchtesgadener Land;74017;60364;308;60056;7065;0;5032;1203;11770;26333;2593;4989;0;517;0;0;0;0;554;0;0;0;0;0;0;0;0;0;0;0;0;0;198;60166;5636;0;5597;2026;12777;23128;2685;4467;545;287;226;0;0;221;344;0;0;36;0;121;9;0;0;0;0;52;2009;0;0
BY;09173;Bad Tölz-Wolfratshausen;92916;79130;376;78754;6409;0;11484;2584;13294;35609;2904;4371;0;0;0;0;0;626;787;0;0;0;686;0;0;0;0;0;0;0;0;0;235;78895;7352;0;9979;3894;13739;32473;3463;3486;512;287;298;0;0;445;355;0;0;38;0;275;12;0;0;0;0;61;2226;0;0
BY;09174;Dachau;105923;90876;342;90534;11985;0;9646;3781;14022;39376;3192;4981;1329;0;0;0;0;1171;1051;0;0;0;0;0;0;0;0;0;0;0;0;0;228;90648;9616;0;11147;4253;14898;36979;4586;3658;737;333;366;0;0;804;501;0;0;73;0;177;15;0;0;0;0;62;2443;0;0
BY;09175;Ebersberg;100425;88420;366;88054;9854;0;14193;3625;11661;39577;3518;2723;0;0;0;0;0;1087;921;0;0;0;0;0;0;0;0;0;0;0;0;895;214;88206;9850;0;13719;4892;12539;34687;4640;2806;719;288;358;0;0;637;421;0;0;61;0;196;11;0;0;0;0;53;2329;0;0
BY;09176;Eichstätt;98895;86177;290;85887;8467;0;5666;1517;16749;42550;3017;5432;762;0;471;0;0;614;642;0;0;0;0;0;0;0;0;0;0;0;0;0;186;85991;8186;0;7030;3007;18002;36817;3565;4822;546;320;310;0;0;433;386;0;0;42;0;151;7;0;0;0;0;53;2314;0;0
BY;09177;Erding;100604;86744;355;86389;7755;0;9190;2699;15614;40510;3338;4336;0;0;0;0;0;925;1551;0;0;0;0;0;0;0;0;0;0;0;0;471;219;86525;7782;0;9011;3929;16308;35323;4186;4718;697;312;337;0;0;583;608;0;0;67;0;175;20;0;0;0;0;89;2380;0;0
BY;09178;Freising;122186;105253;488;104765;13537;0;16639;3219;16011;41590;5188;7208;0;1373;0;0;0;0;0;0;0;0;0;0;0;0;0;0;0;0;0;0;300;104953;11228;0;14986;4942;17017;38446;6486;5130;927;522;488;0;0;743;497;0;0;107;0;182;22;0;0;0;0;75;3155;0;0
BY;09179;Fürstenfeldbruck;151035;130823;532;130291;21651;0;17446;5652;16602;54471;5073;4501;1839;140;130;0;0;1819;919;0;0;0;48;0;0;0;0;0;0;0;0;0;324;130499;16749;0;20132;6888;17638;50321;7373;3803;1056;402;506;0;0;1124;504;0;0;101;0;186;12;0;0;0;0;100;3604;0;0
BY;09180;Garmisch-Partenkirchen;64691;54769;300;54469;4172;0;6738;2369;8336;27048;1822;2783;0;0;0;0;0;408;793;0;0;0;0;0;0;0;0;0;0;0;0;0;143;54626;4597;0;6156;2716;9314;24242;2325;2400;366;190;198;0;0;225;337;0;0;29;0;92;4;0;0;0;0;30;1405;0;0
BY;09181;Landsberg am Lech;92085;80572;388;80184;9471;0;12144;2171;12288;33970;3002;3115;1103;837;895;0;0;750;0;0;0;0;438;0;0;0;0;0;0;0;0;0;312;80260;8516;0;12312;3671;12921;30390;4395;2809;710;402;518;0;0;448;381;0;0;59;0;278;14;0;0;0;0;54;2382;0;0
BY;09182;Miesbach;72979;62669;277;62392;4492;0;9336;2170;9997;29872;1790;2855;0;0;0;0;0;481;483;0;0;0;916;0;0;0;0;0;0;0;0;0;162;62507;5477;0;7606;3612;10535;26763;2253;2826;422;219;243;0;0;329;242;0;0;24;0;265;9;0;0;0;0;42;1640;0;0
BY;09183;Mühldorf a.Inn;86405;70993;337;70656;5688;0;5264;2400;16725;31473;2943;4527;0;745;0;0;0;0;891;0;0;0;0;0;0;0;0;0;0;0;0;0;206;70787;5489;0;5414;2800;17216;28361;3092;3960;539;403;223;0;0;320;432;0;0;50;0;179;18;0;0;0;0;51;2240;0;0
BY;09184;München;234884;205548;779;204769;27306;0;40045;8786;22924;88204;8428;6071;3005;0;0;0;0;0;0;0;0;0;0;0;0;0;0;0;0;0;0;0;439;205109;26648;0;35344;12985;24076;80091;10310;4271;1666;520;771;0;0;1822;766;0;0;161;0;240;25;0;0;0;0;147;5266;0;0
BY;09185;Neuburg-Schrobenhausen;72324;61247;246;61001;5157;0;4211;1234;13596;29533;2123;3637;454;278;282;0;0;238;258;0;0;0;0;0;0;0;0;0;0;0;0;0;152;61095;4987;0;4632;2204;14489;25146;2471;3825;472;263;258;0;0;242;215;0;0;48;0;108;8;0;0;0;0;43;1684;0;0
BY;09186;Pfaffenhofen a.d.Ilm;94140;80527;351;80176;8216;0;7523;2111;16960;37126;2800;4729;0;711;0;0;0;0;0;0;0;0;0;0;0;0;0;0;0;0;0;0;213;80314;7469;0;7313;3290;17722;32129;3390;4546;594;291;310;0;0;368;463;0;0;49;0;146;12;0;0;0;0;48;2174;0;0
BY;09187;Rosenheim;197911;168718;710;168008;14008;0;20072;4672;31226;70339;6891;14446;2238;1944;0;0;0;1473;0;0;280;0;0;0;0;0;0;419;0;0;0;0;485;168233;15352;0;19928;7801;33556;64945;7625;8580;1401;1071;613;0;0;790;855;0;0;137;0;419;24;0;0;0;0;191;4945;0;0
BY;09188;Starnberg;97291;85437;301;85136;10865;0;15961;3809;9272;37275;2495;2283;1028;543;474;0;0;919;0;0;0;0;212;0;0;0;0;0;0;0;0;0;184;85253;9858;0;15713;6172;9669;33881;3967;1793;591;283;268;0;0;592;302;0;0;46;0;118;8;0;0;0;0;49;1943;0;0
BY;09189;Traunstein;135003;112208;514;111694;13780;0;9953;2067;19224;54174;4291;5701;0;1279;0;0;0;0;1225;0;0;0;0;0;0;0;0;0;0;0;0;0;350;111858;11289;0;12080;3865;21842;43701;4829;6751;905;692;442;0;0;440;658;0;0;50;0;316;19;0;0;0;0;82;3897;0;0
BY;09190;Weilheim-Schongau;103420;88929;482;88447;9317;0;11390;3987;13833;38361;3876;5153;0;0;0;0;0;992;1538;0;0;0;0;0;0;0;0;0;0;0;0;0;225;88704;9291;0;10943;4044;14925;35444;4545;3934;646;398;465;0;0;467;630;0;0;53;0;209;11;0;0;0;0;72;2627;0;0
BY;09261;Landshut;48701;39226;191;39035;4920;0;5023;1670;6344;12691;2264;4828;513;0;0;0;0;275;403;0;0;0;104;0;0;0;0;0;0;0;0;0;117;39109;4777;0;5350;1868;6852;13046;2802;1818;374;106;177;0;0;203;195;0;0;36;0;61;6;0;0;0;0;35;1403;0;0
BY;09262;Passau;36599;28769;143;28626;5727;0;2796;762;4827;10015;1663;871;0;0;0;0;0;257;877;0;0;0;0;0;0;0;0;0;831;0;0;0;97;28672;3663;0;3815;1216;5163;9977;2229;730;172;52;91;0;0;160;279;0;0;20;0;34;4;0;0;0;0;13;1054;0;0
BY;09263;Straubing;33539;24959;126;24833;2872;0;1946;644;6009;10589;1280;1011;0;0;0;0;0;0;374;0;0;0;0;0;0;0;0;108;0;0;0;0;100;24859;2621;0;1921;877;6217;9247;1381;894;202;67;100;0;0;110;177;0;0;16;0;35;3;0;0;0;0;30;961;0;0
BY;09271;Deggendorf;91094;73843;409;73434;6506;0;4032;1679;19414;32942;1952;5733;0;0;0;0;0;475;0;0;0;0;701;0;0;0;0;0;0;0;0;0;216;73627;5956;0;4245;2312;20808;28273;2517;5594;426;152;173;0;0;257;266;0;0;30;0;270;9;0;0;0;0;53;2286;0;0
BY;09272;Freyung-Grafenau;63113;52459;224;52235;4759;0;1921;3314;14300;21436;903;4963;0;0;0;0;0;290;0;0;0;0;349;0;0;0;0;0;0;0;0;0;118;52341;4157;0;2179;1698;15883;20179;1403;4357;285;106;89;0;0;121;199;0;0;15;0;180;4;0;0;0;0;32;1454;0;0
BY;09273;Kelheim;88908;74603;292;74311;6686;0;5675;1866;17072;28866;2393;9519;696;0;0;0;0;388;701;0;0;0;449;0;0;0;0;0;0;0;0;0;205;74398;6859;0;5411;2533;17944;28296;2983;6380;505;178;203;0;0;302;409;0;0;40;0;195;11;0;0;0;0;55;2094;0;0
BY;09274;Landshut;120424;103089;377;102712;7736;0;6996;3049;20549;32054;3180;26610;884;0;0;0;0;457;878;0;0;0;319;0;0;0;0;0;0;0;0;0;285;102804;8617;0;7796;3599;23774;37024;4129;12355;746;338;339;0;0;353;524;0;0;58;0;235;17;0;0;0;0;62;2838;0;0
BY;09275;Passau;150595;124529;494;124035;15285;0;5030;2505;31641;52492;2713;9001;0;0;0;0;0;597;1749;0;0;0;49;0;0;0;0;0;2973;0;0;0;320;124209;11041;0;6438;3763;34344;48971;3710;9048;754;274;280;0;0;352;777;0;0;53;0;231;4;0;0;0;0;65;4104;0;0
BY;09276;Regen;60638;49476;224;49252;3378;0;2035;756;14669;22351;1350;4154;0;0;0;0;0;0;423;0;0;0;0;0;0;0;0;136;0;0;0;0;146;49330;3615;0;2055;1316;15435;18680;1465;4428;320;107;118;0;0;91;208;0;0;13;0;135;6;0;0;0;0;39;1299;0;0
BY;09277;Rottal-Inn;91693;75883;328;75555;5189;0;4123;1424;15820;27891;2193;17531;0;0;0;0;0;548;836;0;0;0;0;0;0;0;0;0;0;0;0;0;201;75682;5598;0;4413;2249;18288;30078;2688;8238;463;197;196;0;0;262;506;0;0;28;0;185;8;0;0;0;0;40;2245;0;0
BY;09278;Straubing-Bogen;78345;67105;247;66858;4882;0;3260;1315;15995;32351;1764;5974;0;0;0;0;0;0;1080;0;0;0;0;0;0;0;0;237;0;0;0;0;170;66935;5074;0;3490;2086;17462;27501;2088;5814;364;140;148;0;0;154;518;0;0;21;0;123;8;0;0;0;0;61;1883;0;0
BY;09279;Dingolfing-Landau;71122;58040;279;57761;4216;0;2996;1053;15223;19066;1699;12522;0;0;0;0;0;301;685;0;0;0;0;0;0;0;0;0;0;0;0;0;160;57880;4679;0;2924;1757;16678;21468;1993;5461;302;144;158;0;0;173;321;0;0;28;0;95;6;0;0;0;0;25;1668;0;0
BY;09361;Amberg;31732;24782;133;24649;3408;0;2031;674;6012;9224;1311;1094;0;244;0;0;0;217;263;0;0;0;0;0;0;0;0;171;0;0;0;0;116;24666;3058;0;2197;864;6011;8584;1469;830;208;103;105;0;0;147;95;0;0;17;0;32;5;0;0;0;0;38;903;0;0
BY;09362;Regensburg;107263;88393;307;88086;14347;0;17352;2568;12233;27542;6136;2185;970;0;0;0;0;1330;892;0;0;0;0;0;0;0;0;140;2391;0;0;0;236;88157;11676;0;17142;3537;12729;25894;9639;1923;625;201;365;0;0;963;379;0;0;84;0;64;22;0;0;0;0;81;2833;0;0
BY;09363;Weiden i.d.OPf.;31200;24336;139;24197;3341;0;1558;1199;5940;9308;1513;851;0;0;0;0;0;0;216;0;0;0;0;0;0;0;0;0;0;0;0;271;84;24252;3184;0;1831;949;5971;8781;1445;701;202;85;95;0;0;105;71;0;0;20;0;48;6;0;0;0;0;20;738;0;0
BY;09371;Amberg-Sulzbach;80472;68686;305;68381;8921;0;4106;1441;14819;28274;2412;6390;0;693;0;0;0;437;676;0;0;0;0;0;0;0;0;212;0;0;0;0;240;68446;8364;0;4687;2075;15563;26423;2782;4792;551;340;191;0;0;285;310;0;0;40;0;151;9;0;0;0;0;73;1810;0;0
BY;09372;Cham;101439;84639;387;84252;9735;0;3198;1570;23534;36620;1884;7035;0;0;0;0;0;0;461;0;0;0;0;0;0;0;0;215;0;0;0;0;215;84424;6695;0;3872;2302;24588;33459;2365;7526;435;187;175;0;0;167;234;0;0;36;0;155;12;0;0;0;0;71;2145;0;0
BY;09373;Neumarkt i.d.OPf.;102175;88473;370;88103;7376;0;6040;2583;17528;43128;3593;5399;0;670;0;0;0;748;809;0;0;0;0;0;0;0;0;229;0;0;0;0;259;88214;7917;0;7082;3032;18440;37665;3729;5711;571;336;282;0;0;373;389;0;0;50;0;161;18;0;0;0;0;88;2370;0;0
BY;09374;Neustadt a.d.Waldnaab;74516;63800;311;63489;7920;0;2897;1942;14841;27995;2264;3900;0;0;0;0;0;0;339;0;0;0;0;0;0;0;0;0;0;0;0;1391;199;63601;7575;0;3519;1890;15720;26056;2188;3825;375;189;118;0;0;197;200;0;0;20;0;163;10;0;0;0;0;49;1507;0;0
BY;09375;Regensburg;149027;128887;460;128427;13736;0;10661;2782;26876;55504;3714;9459;1081;0;0;0;0;842;814;0;0;0;0;0;0;0;0;198;2760;0;0;0;327;128560;12313;0;11493;4031;28220;51593;5312;8923;809;346;377;0;0;716;508;0;0;68;0;178;10;0;0;0;0;131;3532;0;0
BY;09376;Schwandorf;114205;95810;458;95352;15342;0;4046;1741;25016;39156;2916;6126;0;0;0;0;0;0;719;0;0;0;0;0;0;0;0;290;0;0;0;0;297;95513;10033;0;5003;2484;26206;37182;3537;6553;603;306;237;0;0;293;418;0;0;38;0;173;17;0;0;0;0;77;2353;0;0
BY;09377;Tirschenreuth;56973;48651;191;48460;5033;0;2169;985;10571;21965;1814;4922;0;0;0;0;0;0;232;0;0;0;0;0;0;0;0;0;0;0;0;769;141;48510;5171;0;2577;1332;11434;20257;1734;3686;323;177;132;0;0;107;148;0;0;21;0;99;5;0;0;0;0;26;1281;0;0
BY;09461;Bamberg;54792;45401;228;45173;8374;0;9303;1436;6554;13746;3643;1004;0;0;0;0;0;771;342;0;0;0;0;0;0;0;0;0;0;0;0;0;157;45244;6082;0;8632;1999;6684;13246;4991;738;324;119;175;0;0;562;165;0;0;46;0;40;25;0;0;0;0;31;1385;0;0
BY;09462;Bayreuth;54171;43342;215;43127;7659;0;5403;1615;7067;15751;3062;1572;0;300;0;0;0;698;0;0;0;0;0;0;0;0;0;0;0;0;0;0;154;43188;6097;0;6443;2085;7304;13691;3888;951;354;125;169;0;0;405;121;0;0;49;0;28;7;0;0;0;0;29;1442;0;0
BY;09463;Coburg;30693;24775;119;24656;4304;0;3807;648;4278;8457;1549;667;0;0;0;0;0;0;248;0;0;0;0;0;0;0;0;0;698;0;0;0;73;24702;3905;0;3110;1052;4431;7684;2189;430;241;77;120;0;0;271;120;0;0;32;0;14;9;0;0;0;0;37;980;0;0
BY;09464;Hof;31410;24199;159;24040;4268;0;1598;737;5506;9001;1678;891;0;0;0;0;0;267;0;0;0;0;0;0;0;0;0;94;0;0;0;0;90;24109;3278;0;1810;886;5562;8530;1864;543;227;84;99;0;0;138;38;0;0;20;0;17;4;0;0;0;0;27;982;0;0
BY;09471;Bamberg;115535;100988;445;100543;11251;0;7540;2413;24095;45507;3647;4889;0;0;0;0;0;937;264;0;0;0;0;0;0;0;0;0;0;0;0;0;278;100710;9382;0;7621;3538;24958;40834;4294;4515;731;322;342;0;0;600;273;0;0;57;0;152;26;0;0;0;0;82;2983;0;0
BY;09472;Bayreuth;82927;71475;307;71168;9318;0;4098;1645;14052;34718;2384;3942;0;494;0;0;0;517;0;0;0;0;0;0;0;0;0;0;0;0;0;0;180;71295;8445;0;5023;2305;15113;30046;2873;3827;536;259;205;0;0;329;140;0;0;36;0;68;10;0;0;0;0;50;2030;0;0
BY;09473;Coburg;68240;57858;264;57594;8776;0;4797;1096;12642;23360;2205;2894;0;0;0;0;0;0;450;0;0;0;0;0;0;0;0;0;1374;0;0;0;202;57656;8418;0;4218;1866;13184;20993;2942;2411;562;192;223;0;0;286;228;0;0;42;0;42;19;0;0;0;0;47;1983;0;0
BY;09474;Forchheim;89813;78281;319;77962;9170;0;9138;2402;14086;34687;3052;4086;0;196;0;0;0;743;402;0;0;0;0;0;0;0;0;0;0;0;0;0;221;78060;8637;0;8596;2871;14852;31453;3674;3685;614;271;284;0;0;540;239;0;0;57;0;76;12;0;0;0;0;55;2144;0;0
BY;09475;Hof;73773;62042;303;61739;10040;0;2922;1526;14184;26697;2384;3130;0;0;0;0;0;434;8;0;0;0;0;0;0;0;0;357;57;0;0;0;171;61871;8173;0;3595;1884;14616;24625;2822;2528;537;150;215;0;0;270;117;0;0;41;0;61;12;0;0;0;0;113;2112;0;0
BY;09476;Kronach;52293;44294;199;44095;5026;0;2255;702;9524;21084;1212;3318;0;0;0;0;0;0;257;0;0;0;0;0;0;0;0;0;717;0;0;0;187;44107;5758;0;2184;1175;10506;18291;1778;2166;363;109;138;0;0;140;99;0;0;26;0;62;5;0;0;0;0;22;1285;0;0
BY;09477;Kulmbach;57056;48233;269;47964;5239;0;3156;948;9526;23011;2023;3694;0;0;0;0;0;367;0;0;0;0;0;0;0;0;0;0;0;0;0;0;160;48073;6194;0;3681;1507;10530;18598;2281;2628;410;159;158;0;0;221;120;0;0;16;0;47;3;0;0;0;0;37;1483;0;0
BY;09478;Lichtenfels;51812;43401;240;43161;3799;0;2356;768;9353;22436;1581;2470;0;0;0;0;0;398;0;0;0;0;0;0;0;0;0;0;0;0;0;0;156;43245;4446;0;2811;1327;10215;17760;1924;2272;374;149;208;0;0;220;140;0;0;20;0;42;12;0;0;0;0;50;1275;0;0
BY;09479;Wunsiedel i.Fichtelgebirge;54935;45025;310;44715;8977;0;1955;941;11302;17052;1780;2225;0;0;0;0;0;296;0;0;0;0;0;0;0;0;0;187;0;0;0;0;165;44860;6290;0;2488;1302;11520;16553;2228;1767;433;137;137;0;0;147;84;0;0;23;0;54;5;0;0;0;0;62;1630;0;0
BY;09561;Ansbach;29534;23523;145;23378;3922;0;2404;681;5451;7811;1525;936;0;0;0;0;0;306;342;0;0;0;0;0;0;0;0;0;0;0;0;0;84;23439;3370;0;2629;751;5418;7204;1643;587;228;67;100;0;0;181;149;0;0;17;0;31;6;0;0;0;0;21;1037;0;0
BY;09562;Erlangen;76351;65352;390;64962;12685;0;16033;1982;7130;19379;5047;1472;0;0;0;0;0;1234;0;0;0;0;0;0;0;0;0;0;0;0;0;0;199;65153;10003;0;15346;2851;7274;18002;6538;866;417;170;311;0;0;733;279;0;0;99;0;30;18;0;0;0;0;38;2178;0;0
BY;09563;Fürth;86432;69362;377;68985;15557;0;9434;2233;11910;20372;6202;1528;0;0;0;0;0;1063;686;0;0;0;0;0;0;0;0;0;0;0;0;0;264;69098;11392;0;10585;2900;11903;19176;6893;1000;728;192;326;0;0;666;217;0;0;63;0;62;38;0;0;0;0;67;2890;0;0
BY;09564;Nürnberg;332368;263665;1739;261926;46645;0;44118;7889;40788;85102;24221;5843;0;0;1598;0;0;3665;1711;0;0;0;0;346;0;0;0;0;0;0;0;0;1223;262442;40710;0;41737;10453;40740;76673;29408;3564;2502;726;1225;0;0;2302;819;0;0;243;0;127;138;0;0;0;0;252;10823;0;0
BY;09565;Schwabach;29569;24567;145;24422;4306;0;3044;643;4433;9235;1297;782;0;0;0;0;0;443;239;0;0;0;0;0;0;0;0;0;0;0;0;0;111;24456;3671;0;3209;948;4464;8328;1508;584;295;110;101;0;0;192;96;0;0;19;0;15;13;0;0;0;0;25;878;0;0
BY;09571;Ansbach;139930;119926;579;119347;15228;0;9746;3184;25826;50274;5178;7332;0;0;0;0;0;1239;1340;0;0;0;0;0;0;0;0;0;0;0;0;0;381;119545;13354;0;10932;4066;26141;45642;5588;6107;950;504;429;0;0;653;675;0;0;81;0;155;18;0;0;0;0;115;4135;0;0
BY;09572;Erlangen-Höchstadt;104801;91941;432;91509;14845;0;12854;2647;14353;36588;3845;5070;0;0;0;0;0;1307;0;0;0;0;0;0;0;0;0;0;0;0;0;0;248;91693;12003;0;13370;3845;15024;34753;4766;2939;712;299;369;0;0;629;260;0;0;69;0;92;32;0;0;0;0;54;2477;0;0
BY;09573;Fürth;90794;77926;358;77568;13342;0;8061;2359;14260;31697;3862;2478;0;0;0;0;0;761;748;0;0;0;0;0;0;0;0;0;0;0;0;0;232;77694;11059;0;9250;3113;14479;28740;4297;1863;761;276;295;0;0;461;272;0;0;56;0;65;11;0;0;0;0;58;2638;0;0
BY;09574;Nürnberger Land;129193;111740;536;111204;15871;0;15539;3348;17814;45239;6026;4425;0;0;0;0;0;1232;900;0;0;0;0;0;0;0;0;414;0;0;0;396;313;111427;15686;0;15035;4290;18824;40953;6464;3717;1009;345;374;0;0;668;398;0;0;58;0;108;10;0;0;0;0;159;3329;0;0
BY;09575;Neustadt a.d.Aisch-Bad Windsheim;77172;65883;354;65529;8557;0;5457;1635;13328;27447;2797;4517;0;0;0;0;0;488;1303;0;0;0;0;0;0;0;0;0;0;0;0;0;224;65659;7385;0;6395;2269;13924;25236;3157;3412;539;280;230;0;0;309;329;0;0;44;0;73;12;0;0;0;0;56;2009;0;0
BY;09576;Roth;98503;85412;411;85001;9690;0;8642;2177;15385;38912;3925;4447;0;0;0;0;0;652;497;0;0;0;0;0;0;0;0;240;0;0;0;434;272;85140;10639;0;8846;3193;16620;33262;4164;3438;810;311;380;0;0;414;260;0;0;52;0;79;18;0;0;0;0;105;2549;0;0
BY;09577;Weißenburg-Gunzenhausen;72154;60375;284;60091;7568;0;6098;1411;11823;26638;2731;2692;0;0;0;0;0;561;569;0;0;0;0;0;0;0;0;0;0;0;0;0;171;60204;7892;0;5655;1968;12193;22903;2914;2805;501;230;187;0;0;306;265;0;0;24;0;69;10;0;0;0;0;52;2230;0;0
BY;09661;Aschaffenburg;50099;41007;279;40728;5906;0;5820;1637;7504;14977;2537;846;0;0;0;0;0;546;415;0;0;0;109;0;0;0;0;162;0;0;0;269;181;40826;5700;0;5370;1870;7621;13359;3307;617;359;107;188;0;0;397;176;0;0;42;0;42;26;0;0;0;0;73;1572;0;0
BY;09662;Schweinfurt;36214;26993;223;26770;4726;0;1998;619;7003;8864;1956;992;0;0;0;0;0;291;115;0;0;0;126;80;0;0;0;0;0;0;0;0;132;26861;3829;0;2452;968;6883;8026;2032;518;204;111;105;0;0;181;75;0;0;21;0;45;25;0;0;0;0;20;1366;0;0
BY;09663;Würzburg;96184;80549;396;80153;11151;0;20739;3699;9136;25692;5644;1475;0;832;0;0;0;1785;0;0;0;0;0;0;0;0;0;0;0;0;0;0;240;80309;11083;0;16998;3861;9544;22863;9810;992;629;271;328;0;0;1087;275;0;0;110;0;41;14;0;0;0;0;62;2341;0;0
BY;09671;Aschaffenburg;131045;114286;677;113609;13100;0;12410;3532;20934;52620;4797;3468;0;0;0;0;0;1104;663;0;0;0;462;0;0;0;0;261;0;0;0;258;529;113757;13996;0;11879;4963;21791;45451;5969;2839;1150;297;453;0;0;784;316;0;0;69;0;193;44;0;0;0;0;127;3436;0;0
BY;09672;Bad Kissingen;81418;69039;2916;66123;10270;0;4091;3224;0;34155;3819;7188;0;0;0;0;0;0;913;0;0;0;0;0;0;0;0;2463;0;0;0;0;254;68785;6776;0;5195;2550;15316;29352;3036;2775;468;255;252;0;0;279;230;0;0;28;0;80;12;0;0;0;0;103;2078;0;0
BY;09673;Rhön-Grabfeld;62185;53582;2206;51376;6253;0;2989;2406;0;26225;2962;8135;0;0;0;0;0;0;497;0;0;0;0;0;0;0;0;1909;0;0;0;0;222;53360;4530;0;3959;1970;12060;22827;2535;2644;352;180;190;0;0;213;133;0;0;37;0;64;13;0;0;0;0;65;1588;0;0
BY;09674;Haßberge;66761;57906;2486;55420;8604;0;3535;2814;0;26977;3176;7000;0;0;0;0;0;0;806;0;0;0;0;0;0;0;0;2508;0;0;0;0;221;57685;6068;0;4166;1942;14056;22922;2688;2629;407;262;228;0;0;227;255;0;0;39;0;81;8;0;0;0;0;91;1616;0;0
BY;09675;Kitzingen;68656;58564;277;58287;7121;0;5244;1648;10863;26068;2422;3101;0;0;0;0;0;592;880;0;0;0;305;43;0;0;0;0;0;0;0;0;186;58378;6620;0;5867;2196;11177;23448;2842;2843;539;223;226;0;0;361;269;0;0;35;0;101;12;0;0;0;0;43;1576;0;0
BY;09676;Miltenberg;94430;80916;452;80464;10876;0;7145;2167;15999;36153;3687;3617;0;0;0;0;0;0;820;0;0;0;0;0;0;0;0;0;0;0;0;0;290;80626;9904;0;6911;3065;16836;32150;4254;2611;721;314;285;0;0;407;274;0;0;40;0;74;15;0;0;0;0;116;2649;0;0
BY;09677;Main-Spessart;97755;84547;472;84075;14930;0;6595;1635;13753;38743;3097;4711;0;0;0;0;0;0;611;0;0;0;0;0;0;0;0;0;0;0;0;0;287;84260;10649;0;7780;2802;15008;35634;3818;3628;703;275;316;0;0;564;277;0;0;52;0;87;14;0;0;0;0;104;2549;0;0
BY;09678;Schweinfurt;89255;77889;449;77440;9987;0;5652;1725;15966;35523;3228;3730;0;0;0;0;0;676;388;0;0;0;490;75;0;0;0;0;0;0;0;0;283;77606;8257;0;6509;2659;16344;32692;3594;2981;631;347;286;0;0;413;217;0;0;55;0;187;19;0;0;0;0;60;2355;0;0
BY;09679;Würzburg;126449;111857;594;111263;15198;0;15848;4313;15681;49225;4122;4229;0;1251;0;0;0;1396;0;0;0;0;0;0;0;0;0;0;0;0;0;0;297;111560;14758;0;14497;4505;16407;45816;5927;3443;871;482;387;0;0;845;343;0;0;66;0;114;15;0;0;0;0;96;2988;0;0
BY;09761;Augsburg;186448;148097;798;147299;20701;0;30320;4139;25488;45742;10966;5463;0;1434;0;0;0;1725;1078;0;0;0;0;243;0;0;0;0;0;0;0;0;542;147555;19791;0;24310;6076;25826;41916;15568;3359;1189;676;931;0;0;1021;558;0;0;138;0;153;94;0;0;0;0;119;5830;0;0
BY;09762;Kaufbeuren;31295;24649;213;24436;2585;0;2824;605;5802;9638;1643;1339;0;0;0;0;0;0;0;0;0;0;0;0;0;0;0;0;0;0;0;0;95;24554;2592;0;2652;909;5881;8247;1672;835;203;124;120;0;0;141;92;0;0;21;0;29;4;0;0;0;0;20;1012;0;0
BY;09763;Kempten (Allgäu);47931;38110;223;37887;3734;0;5398;1983;7564;11482;2148;2489;677;0;0;0;0;525;389;0;0;0;0;0;0;0;0;0;0;0;0;1498;178;37932;4489;0;5190;1724;7650;11708;2826;1284;394;288;198;0;0;350;185;0;0;27;0;42;9;0;0;0;0;44;1524;0;0
BY;09764;Memmingen;29424;23491;220;23271;3272;0;2338;773;5219;8645;1504;1520;0;0;0;0;0;0;0;0;0;0;0;0;0;0;0;0;0;0;0;0;87;23404;3039;0;2417;1034;5351;7825;1431;663;169;105;101;0;0;131;166;0;0;16;0;35;5;0;0;0;0;35;881;0;0
BY;09771;Aichach-Friedberg;101744;88890;382;88508;9759;0;7891;2760;17409;40068;3073;4846;0;885;0;0;0;559;988;0;0;0;0;0;0;0;0;0;270;0;0;0;239;88651;8256;0;9145;3557;17979;36541;3725;4762;648;471;322;0;0;358;450;0;0;43;0;144;15;0;0;0;0;73;2162;0;0
BY;09772;Augsburg;190821;162928;852;162076;19929;0;14772;4275;31882;71756;6785;9165;0;1209;0;0;0;918;1385;0;0;0;0;0;0;0;0;0;0;0;0;0;504;162424;17181;0;17075;6274;32648;64161;7935;7655;1255;786;666;0;0;620;644;0;0;114;0;249;36;0;0;0;0;120;5005;0;0
BY;09773;Dillingen a.d.Donau;72905;60968;214;60754;5988;0;3607;1559;15086;26807;2094;3511;0;576;0;0;0;0;229;0;0;0;0;0;0;0;0;0;1297;0;0;0;187;60781;5341;0;4074;2363;15691;23830;2338;3849;439;344;186;0;0;176;144;0;0;30;0;71;9;0;0;0;0;35;1861;0;0
BY;09774;Günzburg;90204;74305;393;73912;6574;0;4782;1840;19691;31638;2957;3640;1215;580;0;0;0;686;0;0;135;0;0;0;0;0;0;174;0;0;0;0;260;74045;6984;0;5221;2777;18761;28393;3473;3709;765;363;284;0;0;374;260;0;0;69;0;127;15;0;0;0;0;100;2370;0;0
BY;09775;Neu-Ulm;124987;104130;650;103480;12188;0;10087;3281;22308;43721;5049;2522;1799;842;0;0;0;1069;0;0;128;0;0;0;0;0;0;486;0;0;0;0;384;103746;12121;0;10700;4572;22529;37457;5845;2979;1149;374;411;0;0;667;322;0;0;80;0;153;23;0;0;0;0;180;4184;0;0
BY;09776;Lindau (Bodensee);59982;50355;261;50094;5231;0;7065;1928;8051;19564;2188;2989;786;0;0;0;0;797;400;0;0;0;0;0;0;0;0;0;0;0;0;1095;173;50182;6000;0;6797;2333;8110;18577;2789;2026;488;268;253;0;0;454;257;0;0;26;0;69;6;0;0;0;0;50;1679;0;0
BY;09777;Ostallgäu;108013;93321;594;92727;9122;0;9551;2399;16684;43755;3729;7487;0;0;0;0;0;0;0;0;0;0;0;0;0;0;0;0;0;0;0;0;275;93046;8474;0;9359;3606;17424;38596;4018;5727;648;544;463;0;0;551;458;0;0;53;0;222;10;0;0;0;0;98;2795;0;0
BY;09778;Unterallgäu;110410;94214;615;93599;7808;0;6885;2700;21529;42381;3921;8375;0;0;0;0;0;0;0;0;0;0;0;0;0;0;0;0;0;0;0;0;283;93931;7579;0;7190;3900;22344;37787;3748;5797;676;530;379;0;0;349;611;0;0;62;0;166;17;0;0;0;0;80;2716;0;0
BY;09779;Donau-Ries;100577;85782;367;85415;12656;0;4725;1800;15872;39012;2943;5249;0;710;0;0;0;0;480;0;0;0;0;0;0;0;0;0;1968;0;0;0;295;85487;8858;0;6633;3100;17045;36338;3355;5161;635;484;268;0;0;288;347;0;0;48;0;117;9;0;0;0;0;59;2742;0;0
BY;09780;Oberallgäu;120155;103230;503;102727;7100;0;11205;4202;16189;39180;3125;10997;1515;0;0;0;0;883;771;0;0;0;0;0;0;0;0;0;0;0;0;7560;363;102867;9627;0;11614;4160;17683;42241;4400;6464;942;669;440;0;0;606;547;0;0;57;0;169;30;0;0;0;0;97;3121;0;0
SL;10041;Regionalverband Saarbrücken;231434;185661;2319;183342;57794;46483;12376;7152;39308;0;14814;4859;0;0;0;0;0;0;0;0;0;0;0;556;0;0;0;0;0;0;0;0;1552;184109;40489;43038;16713;8092;38555;0;16999;2103;3815;0;0;0;585;1414;0;0;0;0;0;0;159;0;0;0;0;461;11686;0;0
SL;10042;Merzig-Wadern;76406;64074;932;63142;16708;21526;3088;2102;13735;0;4112;1871;0;0;0;0;0;0;0;0;0;0;0;0;0;0;0;0;0;0;0;0;641;63433;13027;18596;3841;2946;13696;0;4160;820;1332;0;0;0;171;457;0;0;0;0;0;0;17;0;0;0;0;166;4204;0;0
SL;10043;Neunkirchen;99755;80565;1086;79479;24026;22887;2810;2453;19417;0;5060;2826;0;0;0;0;0;0;0;0;0;0;0;0;0;0;0;0;0;0;0;0;786;79779;18440;20505;4444;2997;19427;0;5164;1353;1698;0;0;0;204;397;0;0;0;0;0;0;33;0;0;0;0;216;4901;0;0
SL;10044;Saarlouis;148219;122926;1777;121149;35220;37352;5470;4143;26707;0;8216;4041;0;0;0;0;0;0;0;0;0;0;0;0;0;0;0;0;0;0;0;0;1236;121690;26233;33994;7598;5271;26561;0;8356;1626;2465;0;0;0;368;643;0;0;0;0;0;0;46;0;0;0;0;281;8248;0;0
SL;10045;Saarpfalz-Kreis;109155;92141;1163;90978;28461;27045;4441;2969;18798;0;5846;3418;0;0;0;0;0;0;0;0;0;0;0;0;0;0;0;0;0;0;0;0;767;91374;19787;25606;6962;4168;19620;0;6070;1436;1779;0;0;0;245;533;0;0;0;0;0;0;33;0;0;0;0;232;4903;0;0
SL;10046;St. Wendel;69235;59926;774;59152;16536;21710;2292;1792;11212;0;3167;2443;0;0;0;0;0;0;0;0;0;0;0;0;0;0;0;0;0;0;0;0;588;59338;13160;19374;3813;2251;11435;0;3331;1138;1174;0;0;0;180;276;0;0;0;0;0;0;16;0;0;0;0;131;3059;0;0
BE;11100;Berlin-Ost, Stadt;1029756;837355;7245;830110;88985;147292;119532;17514;160406;0;239799;6083;7263;0;467;92;0;0;0;0;0;0;0;469;0;13;1062;3278;36629;177;0;1049;4656;832699;103244;120100;124249;25635;163081;0;185249;3445;13894;0;6433;1056;0;8586;0;0;0;0;0;0;451;0;1751;197;368;1420;72711;829;0
BE;11200;Berlin-West, Stadt;1412286;1123822;11294;1112528;237678;266601;218699;35061;134140;0;183750;3058;8477;0;7958;4602;0;0;0;0;0;0;0;775;0;60;233;4186;5158;481;0;1611;6988;1116834;191938;235999;203786;48441;133909;0;201973;2957;15490;0;6448;3476;0;9645;0;0;0;0;0;0;474;0;1672;228;308;1540;56940;1610;0
BB;12051;Brandenburg an der Havel, Stadt;57895;43395;532;42863;12306;7651;1643;890;13569;0;4922;1217;0;0;0;0;0;665;0;0;0;0;0;0;0;0;0;0;0;0;0;0;374;43021;7922;7428;2825;1091;12752;0;5117;637;0;0;414;0;0;392;0;0;0;0;0;0;28;0;0;0;0;84;4331;0;0
BB;12052;Cottbus, Stadt;74421;58282;580;57702;16486;9888;0;1401;21096;0;6124;1113;0;0;1027;0;0;567;0;0;0;0;0;0;0;0;0;0;0;0;0;0;372;57910;9124;9279;3198;1848;19691;0;6441;656;0;0;655;0;0;395;0;0;0;0;0;0;40;0;0;0;0;135;6448;0;0
BB;12053;Frankfurt (Oder), Stadt;41976;31663;370;31293;6819;6365;892;707;10960;0;4112;1067;0;0;0;0;0;0;0;0;0;0;0;0;0;0;0;0;0;0;0;371;231;31432;4680;5235;1490;915;10067;0;3843;393;0;0;346;0;0;147;0;0;0;0;0;0;40;0;0;0;0;83;4193;0;0
BB;12054;Potsdam, Stadt;135477;115510;936;114574;25214;19709;20523;4289;19959;0;18986;1981;0;0;0;0;0;2321;0;0;0;0;0;0;0;0;0;813;0;0;0;779;609;114901;19767;18716;18458;4310;19387;0;20280;937;0;0;974;0;0;1665;0;0;0;0;0;0;86;0;0;0;0;364;9957;0;0
BB;12060;Barnim;155147;127804;1193;126611;22906;24441;6238;3072;43015;0;17799;5631;0;0;2206;0;0;562;0;0;0;0;0;0;0;0;0;741;0;0;0;0;806;126998;16695;21711;8355;3701;40827;0;15886;2542;0;0;1232;0;0;856;0;0;0;0;0;0;74;0;0;0;0;342;14777;0;0
BB;12061;Dahme-Spreewald;140510;117159;1142;116017;20370;27243;6082;2925;39343;0;13528;2806;0;0;1904;0;0;1108;0;0;0;0;0;0;0;0;0;0;0;0;0;708;813;116346;16835;22289;7259;4081;37499;0;12275;1512;0;0;1104;0;0;741;0;0;0;0;0;0;77;0;0;0;0;287;12387;0;0
BB;12062;Elbe-Elster;81793;65690;662;65028;11488;12553;1204;1677;27658;0;6155;4293;0;0;0;0;0;0;0;0;0;0;0;0;0;0;0;0;0;0;0;0;490;65200;8233;11088;1780;1956;26543;0;5294;1615;0;0;487;0;0;359;0;0;0;0;0;0;48;0;0;0;0;160;7637;0;0
BB;12063;Havelland;133847;110523;999;109524;22408;26787;7005;2895;35087;0;10835;3086;0;0;1210;0;0;211;0;0;0;0;0;0;0;0;0;0;0;0;0;0;720;109803;17090;23648;8890;3804;33280;0;10482;1382;0;0;1009;0;0;666;0;0;0;0;0;0;59;0;0;0;0;216;9277;0;0
BB;12064;Märkisch-Oderland;160536;132323;1337;130986;25134;22890;4696;3289;49410;0;16961;3569;0;0;2082;0;0;1504;0;0;0;0;0;0;0;0;0;1451;0;0;0;0;832;131491;17380;21544;6938;3710;46411;0;14250;1898;0;0;1272;0;0;1019;0;0;0;0;0;0;89;0;0;0;0;463;16517;0;0
BB;12065;Oberhavel;174788;144839;1313;143526;28600;33566;8264;4149;46751;0;14018;5019;0;0;3159;0;0;0;0;0;0;0;0;0;0;0;0;0;0;0;0;0;933;143906;21918;29581;10596;4959;44528;0;13637;2137;0;0;1622;0;0;1004;0;0;0;0;0;0;101;0;0;0;0;291;13532;0;0
BB;12066;Oberspreewald-Lausitz;87377;68798;748;68050;10599;11778;1500;2145;29536;0;9780;2712;0;0;0;0;0;0;0;0;0;0;0;0;0;0;0;0;0;0;0;0;512;68286;8456;10951;1953;2157;28117;0;6347;1142;0;0;558;0;0;379;0;0;0;0;0;0;37;0;0;0;0;174;8015;0;0
BB;12067;Oder-Spree;145992;118110;1199;116911;24012;21493;3571;2821;45660;0;12676;4659;0;0;0;0;0;0;0;0;0;0;0;0;0;0;0;0;0;0;0;2019;861;117249;15489;19506;5578;3762;42598;0;11929;1761;0;0;975;0;0;680;0;0;0;0;0;0;111;0;0;0;0;320;14540;0;0
BB;12068;Ostprignitz-Ruppin;81085;63495;668;62827;14640;12561;2082;1282;23380;0;6591;2291;0;0;0;0;0;0;0;0;0;0;0;0;0;0;0;0;0;0;0;0;498;62997;10220;11104;3090;1537;22176;0;6417;942;0;0;412;0;0;253;0;0;0;0;0;0;43;0;0;0;0;136;6667;0;0
BB;12069;Potsdam-Mittelmark;176443;150789;1408;149381;35056;34609;13284;5144;39724;0;14986;4080;0;0;0;0;0;1752;0;0;0;0;0;0;0;0;0;411;0;0;0;335;964;149825;25202;32132;14909;6251;37926;0;15460;1877;0;0;1035;0;0;1129;0;0;0;0;0;0;80;0;0;0;0;388;13436;0;0
BB;12070;Prignitz;61072;47881;512;47369;10394;9365;1073;1046;18938;0;4958;1595;0;0;0;0;0;0;0;0;0;0;0;0;0;0;0;0;0;0;0;0;344;47537;7624;8300;1587;1245;17839;0;4458;683;0;0;330;0;0;148;0;0;0;0;0;0;19;0;0;0;0;98;5206;0;0
BB;12071;Spree-Neiße;91524;74096;888;73208;14066;12824;0;2157;33884;0;6694;1769;0;0;1230;0;0;584;0;0;0;0;0;0;0;0;0;0;0;0;0;0;600;73496;9225;11653;2077;2401;31622;0;5703;959;0;0;580;0;0;347;0;0;0;0;0;0;52;0;0;0;0;191;8686;0;0
BB;12072;Teltow-Fläming;137613;113321;1109;112212;21582;25676;5799;2909;37241;0;12172;3544;0;0;1222;0;0;1413;0;0;0;0;0;0;0;0;0;148;0;0;0;506;811;112510;17579;22041;6944;3854;35593;0;11425;1799;0;0;1061;0;0;903;0;0;0;0;0;0;79;0;0;0;0;273;10959;0;0
BB;12073;Uckermark;96043;75003;892;74111;14960;12932;2150;1653;30507;0;7885;2625;0;0;1399;0;0;0;0;0;0;0;0;0;0;0;0;0;0;0;0;0;573;74430;10571;11842;2671;1885;28419;0;6980;1097;0;0;640;0;0;287;0;0;0;0;0;0;56;0;0;0;0;142;9840;0;0
MV;13003;Rostock;165596;131373;1185;130188;22976;23048;7560;3490;31993;0;37100;2433;0;0;0;0;0;0;0;0;0;0;0;491;0;0;0;1097;0;0;0;0;826;130547;19121;20135;13145;4234;30543;0;25417;1082;2153;0;0;0;0;1440;0;0;0;0;0;0;185;0;0;0;0;377;12715;0;0
MV;13004;Schwerin;75554;59651;731;58920;14277;11426;2306;1699;18397;0;8631;1392;0;0;0;0;0;0;0;0;0;0;0;285;0;0;0;507;0;0;0;0;476;59175;9637;10763;4453;2036;16043;0;8256;539;744;0;0;0;0;477;0;0;0;0;0;0;73;0;0;0;0;170;5984;0;0
MV;13071;Mecklenburgische Seenplatte;209651;164775;2233;162542;29833;31302;3635;4778;66551;0;19160;3863;0;0;0;0;0;0;0;0;0;0;0;0;0;0;0;2062;0;0;0;1358;1410;163365;18302;28599;5412;4787;63778;0;17640;1617;2129;0;0;0;0;631;0;0;0;0;0;0;95;0;0;0;0;596;19779;0;0
MV;13072;Landkreis Rostock;176122;143901;1446;142455;25972;31096;4636;4244;51964;0;18941;3742;0;0;0;0;0;0;0;0;0;0;0;132;0;0;0;1728;0;0;0;0;1012;142889;18367;27666;6765;4845;50306;0;15358;1465;1909;0;0;0;0;687;0;0;0;0;0;0;104;0;0;0;0;549;14868;0;0
MV;13073;Vorpommern-Rügen;183163;142934;1427;141507;18830;30387;5655;3629;56527;0;17720;4141;4618;0;0;0;0;0;0;0;0;0;0;0;0;0;0;0;0;0;0;0;1102;141832;14374;25308;6596;4608;53924;0;16062;1766;2959;0;0;0;0;804;0;0;0;0;0;0;109;0;0;0;0;363;14959;0;0
MV;13074;Nordwestmecklenburg;127559;102635;1057;101578;22747;20399;4162;2660;36327;0;11280;3541;0;0;0;0;0;0;0;0;0;0;0;101;0;0;0;361;0;0;0;0;735;101900;15023;18868;6070;3095;34106;0;11113;1177;1450;0;0;0;0;825;0;0;0;0;0;0;57;0;0;0;0;312;9804;0;0
MV;13075;Vorpommern-Greifswald;188978;148003;1657;146346;20575;29748;5594;4961;62016;0;16569;4024;1581;0;0;0;0;0;0;0;0;0;0;0;0;0;0;0;0;0;0;1278;1139;146864;13982;25398;7538;4901;59422;0;15676;1463;2510;0;0;0;0;921;0;0;0;0;0;0;89;0;0;0;0;363;14601;0;0
MV;13076;Ludwigslust-Parchim;168106;135766;1579;134187;24337;28380;3350;3878;53071;0;15377;4435;0;0;0;0;0;0;0;0;0;0;0;275;0;0;0;1084;0;0;0;0;1096;134670;17881;25219;4740;4172;49239;0;13537;1705;1802;0;0;0;0;565;0;0;0;0;0;0;130;0;0;0;0;518;15162;0;0
SN;14511;Chemnitz, Stadt;183295;144921;774;144147;24128;30868;6554;3314;46401;0;14349;2066;0;0;1511;0;0;845;0;0;365;0;0;0;0;0;0;556;13190;0;0;0;692;144229;15988;28001;9579;4524;47112;0;17648;1404;1817;0;909;0;206;803;0;0;0;213;0;0;73;0;0;0;0;441;15511;0;0
SN;14521;Erzgebirgskreis;266327;216319;2425;213894;16197;54703;3821;5233;99572;0;16361;5544;0;0;0;0;0;0;0;0;0;0;0;0;0;0;0;0;10288;0;0;2175;1844;214475;14715;44360;5168;6344;97353;0;15336;4727;2560;0;801;0;237;546;0;0;0;158;0;0;65;0;0;0;0;694;21411;0;0
SN;14522;Mittelsachsen;239262;190027;1832;188195;17881;51620;4848;5648;84649;0;17393;6156;0;0;0;0;0;0;0;0;0;0;0;0;0;0;0;0;0;0;0;0;1090;188937;14678;39508;6544;6017;81019;0;14936;3756;1939;0;712;0;234;700;0;0;0;168;0;0;56;0;0;0;0;383;18287;0;0
SN;14523;Vogtlandkreis;177951;141586;1596;139990;13975;37770;4526;3413;60672;0;13336;6298;0;0;0;0;0;0;0;0;0;0;0;0;0;0;0;0;0;0;0;0;859;140727;12388;30406;4437;4096;57139;0;10935;2346;1770;0;680;0;162;352;0;0;0;88;0;0;64;0;0;0;0;309;15555;0;0
SN;14524;Zwickau;247093;197221;1823;195398;20960;47868;4921;5916;79095;0;16044;4712;0;0;1772;0;0;0;0;0;0;0;0;145;0;0;0;458;13507;0;0;0;1246;195975;17768;41543;6539;6029;78909;0;16549;3644;2291;0;1035;0;226;669;0;0;0;136;0;0;88;0;0;0;0;489;20060;0;0
SN;14612;Dresden, Stadt;420535;349704;3051;346653;37236;89002;40769;10470;98329;0;55285;2452;0;0;2775;0;0;6890;0;0;0;0;0;287;0;0;0;3158;0;0;0;0;1501;348203;32571;65548;46427;12847;93049;0;54011;2912;3636;0;2368;0;903;4242;0;0;0;418;0;0;179;0;0;0;0;1161;27931;0;0
SN;14625;Bautzen;238690;193325;1919;191406;13850;46788;4754;5088;91101;0;18415;8851;0;0;370;0;0;316;0;0;0;0;0;50;0;0;0;1823;0;0;0;0;1369;191956;12644;38533;6327;6184;87149;0;14903;3537;2293;0;975;0;297;641;0;0;0;150;0;0;63;0;0;0;0;774;17486;0;0
SN;14626;Görlitz;196873;155057;1280;153777;9626;37197;4659;2952;75147;0;9795;3588;0;0;0;0;0;0;0;0;0;0;0;0;0;0;0;981;9832;0;0;0;1117;153940;9815;30407;5160;4484;71855;0;11900;2354;1960;0;678;0;247;440;0;0;0;136;0;0;62;0;0;0;0;618;13824;0;0
SN;14627;Meißen;193052;157184;1486;155698;11413;37049;6529;8223;70572;0;14695;5610;0;0;0;0;0;0;0;0;0;0;0;0;0;0;0;1607;0;0;0;0;948;156236;11025;31183;7129;5919;68151;0;12236;2328;1824;0;674;0;249;820;0;0;0;111;0;0;57;0;0;0;0;664;13866;0;0
SN;14628;Sächsische Schweiz-Osterzgebirge;196612;160372;1630;158742;12766;35961;4751;4478;77901;0;14523;7008;0;0;0;0;0;0;0;0;0;0;0;0;0;0;0;1354;0;0;0;0;955;159417;9505;30820;6318;5170;74174;0;11716;2852;1775;0;617;0;229;822;0;0;0;128;0;0;48;0;0;0;0;600;14643;0;0
SN;14713;Leipzig, Stadt;457770;379912;1787;378125;38087;70556;33750;7815;82279;0;111188;4191;0;0;4337;0;0;1809;0;0;407;0;0;290;0;0;0;776;21840;0;0;800;1669;378243;40389;62654;51464;11956;82713;0;85207;3157;4421;0;2880;0;637;3397;0;0;0;456;0;0;237;0;0;0;0;645;28030;0;0
SN;14729;Leipzig;210845;172244;1220;171024;18676;42046;6053;4395;65318;0;14944;8207;0;0;0;0;0;0;0;0;486;0;0;0;0;0;0;0;10899;0;0;0;1064;171180;15098;38113;7869;5854;65867;0;15004;4369;1973;0;696;0;218;826;0;0;0;206;0;0;72;0;0;0;0;307;14708;0;0
SN;14730;Nordsachsen;158475;126905;1179;125726;12554;31398;3090;2684;55024;0;10502;7092;0;0;1523;0;0;906;0;0;0;0;0;0;0;0;0;953;0;0;0;0;851;126054;10560;26171;4308;4012;53911;0;10081;2753;1484;0;667;0;173;483;0;0;0;104;0;0;52;0;0;0;0;350;10945;0;0
ST;15001;Dessau-Roßlau, Stadt;62381;47611;547;47064;5543;13558;3734;1212;15992;0;5307;1718;0;0;0;0;0;0;0;0;0;0;0;0;0;0;0;0;0;0;0;0;338;47273;5749;9825;2597;1588;15537;0;5124;641;0;0;370;0;0;293;0;0;0;0;0;0;34;0;0;0;0;111;5404;0;0
ST;15002;Halle (Saale), Stadt;177401;134968;1671;133297;26335;28358;8480;3809;36370;0;24117;1915;0;0;2313;0;0;0;0;0;0;0;0;413;0;0;0;1187;0;0;0;0;1014;133954;17276;23019;13836;4599;33999;0;23275;1076;0;0;1414;0;0;1461;0;0;0;0;0;0;160;0;0;0;0;414;13425;0;0
ST;15003;Magdeburg, Landeshauptstadt;179123;140733;1916;138817;25211;31572;9450;3845;41352;0;21882;3220;0;0;0;0;0;0;0;0;0;0;0;714;0;0;0;1571;0;0;0;0;913;139820;18149;25582;11330;4381;39141;0;19978;1438;0;0;1514;0;0;1734;0;0;0;0;0;0;209;0;0;0;0;504;15860;0;0
ST;15081;Altmarkkreis Salzwedel;66054;51846;619;51227;8183;10852;1474;1608;19631;0;7581;1898;0;0;0;0;0;0;0;0;0;0;0;0;0;0;0;0;0;0;0;0;349;51497;6163;9852;1782;1579;18442;0;6192;795;0;0;396;0;0;253;0;0;0;0;0;0;41;0;0;0;0;123;5879;0;0
ST;15082;Anhalt-Bitterfeld;127306;98245;1342;96903;10760;22748;2731;2425;41824;0;11584;3896;0;0;211;0;0;0;0;0;0;0;0;34;0;0;0;175;0;0;0;515;884;97361;9622;18914;2787;2918;40071;0;9048;1670;0;0;710;0;0;500;0;0;0;0;0;0;79;0;0;0;0;260;10782;0;0
ST;15083;Börde;137640;110419;1343;109076;15761;25192;2503;2896;45388;0;11265;3142;0;0;0;0;0;0;0;0;0;0;0;0;0;0;0;1625;0;0;0;1304;849;109570;11963;21572;3073;3131;43884;0;9939;1463;0;0;802;0;0;567;0;0;0;0;0;0;77;0;0;0;0;567;12532;0;0
ST;15084;Burgenlandkreis;140006;108055;1223;106832;10280;26376;2399;2800;47898;0;11663;4473;0;0;0;0;0;0;0;0;0;0;0;0;0;0;0;0;0;0;0;943;801;107254;9520;20113;2973;3496;45932;0;9308;1701;0;0;810;0;0;597;0;0;0;0;0;0;70;0;0;0;0;273;12461;0;0
ST;15085;Harz;172544;133441;1711;131730;18745;31319;4381;2933;50576;0;15585;3859;0;0;2050;0;0;0;0;0;0;0;0;0;0;0;0;2282;0;0;0;0;1043;132398;15450;26093;5262;3613;48218;0;13447;1895;0;0;1349;0;0;658;0;0;0;0;0;0;86;0;0;0;0;711;15616;0;0
ST;15086;Jerichower Land;73246;58003;814;57189;7947;14687;1635;1703;22253;0;6536;2428;0;0;0;0;0;0;0;0;0;0;0;0;0;0;0;0;0;0;0;0;469;57534;6421;11651;1949;1695;21532;0;5353;871;0;0;441;0;0;315;0;0;0;0;0;0;49;0;0;0;0;152;7105;0;0
ST;15087;Mansfeld-Südharz;108839;82703;1316;81387;8742;16605;1413;2997;36184;0;9391;2815;0;0;0;0;0;0;0;0;0;0;0;0;0;0;0;0;0;0;0;3240;762;81941;8162;14400;1733;2518;36275;0;7211;1058;0;0;520;0;0;210;0;0;0;0;0;0;51;0;0;0;0;218;9585;0;0
ST;15088;Saalekreis;149291;119412;1444;117968;13233;27658;3043;4260;50831;0;12634;3991;0;0;282;0;0;0;0;0;0;0;0;49;0;0;0;227;0;0;0;1760;894;118518;10929;23260;3873;4279;49061;0;9892;1590;0;0;909;0;0;766;0;0;0;0;0;0;84;0;0;0;0;354;13521;0;0
ST;15089;Salzlandkreis;150918;114341;1690;112651;14038;24960;2674;2986;50094;0;12657;2880;0;0;282;0;0;0;0;0;0;0;0;129;0;0;0;1414;0;0;0;537;1118;113223;11474;21215;2926;3226;48036;0;10689;1375;0;0;780;0;0;472;0;0;0;0;0;0;84;0;0;0;0;474;12472;0;0
ST;15090;Stendal;88696;68627;837;67790;12146;13281;1743;2736;27170;0;8030;2684;0;0;0;0;0;0;0;0;0;0;0;0;0;0;0;0;0;0;0;0;492;68135;8076;12661;2186;2095;26201;0;7103;1178;0;0;457;0;0;341;0;0;0;0;0;0;52;0;0;0;0;184;7601;0;0
ST;15091;Wittenberg;101274;79433;820;78613;7027;26153;2939;1393;30071;0;7586;3444;0;0;0;0;0;0;0;0;0;0;0;0;0;0;0;0;0;0;0;0;562;78871;7581;18381;2770;2133;29781;0;7248;1698;0;0;566;0;0;317;0;0;0;0;0;0;56;0;0;0;0;172;8168;0;0
TH;16051;Erfurt, Stadt;159724;130686;785;129901;10274;21542;3661;2497;35026;0;47716;1472;0;0;0;0;0;0;0;0;0;0;0;295;0;0;0;0;7418;0;0;0;774;129912;13744;23116;10705;3773;35390;0;28714;1317;0;0;0;0;0;1191;0;0;0;0;0;0;229;0;0;0;0;299;11434;0;0
TH;16052;Gera, Stadt;71457;54546;445;54101;7049;9919;1193;1045;22857;0;7348;1109;0;0;0;0;0;0;0;0;0;0;0;0;0;0;0;0;3581;0;0;0;402;54144;4617;9098;1840;1554;21953;0;8257;657;0;0;0;0;0;253;0;0;0;0;0;0;85;0;0;0;0;162;5668;0;0
TH;16053;Jena, Stadt;79697;67796;344;67452;10475;10482;7289;1747;12684;0;19174;1099;0;0;0;0;0;0;0;0;0;0;0;107;0;0;0;0;4395;0;0;0;282;67514;7764;10642;9428;2311;12768;0;16828;675;0;0;0;0;0;1006;0;0;0;0;0;0;81;0;0;0;0;122;5889;0;0
TH;16054;Suhl, Stadt;28097;21985;163;21822;2573;4165;421;551;8165;0;3096;472;0;0;0;0;0;0;0;0;0;0;0;26;0;0;0;0;2206;0;0;147;149;21836;2060;3786;648;620;8165;0;3396;324;0;0;0;0;0;79;0;0;0;0;0;0;24;0;0;0;0;67;2667;0;0
TH;16055;Weimar, Stadt;49419;40627;256;40371;3337;6250;1719;741;9709;0;15652;372;0;0;0;0;0;0;0;0;0;0;0;50;0;0;0;0;2541;0;0;0;290;40337;4298;6756;4434;1118;9756;0;9360;374;0;0;0;0;0;373;0;0;0;0;0;0;41;0;0;0;0;85;3742;0;0
TH;16061;Eichsfeld;82941;69322;552;68770;5005;26175;1385;1639;24211;0;6388;0;0;0;0;0;0;0;0;0;0;0;0;130;0;0;0;0;3837;0;0;0;449;68873;5247;21531;2142;2246;24115;0;7752;961;0;0;0;0;0;209;0;0;0;0;0;0;58;0;0;0;0;176;4436;0;0
TH;16062;Nordhausen;64500;50573;392;50181;5282;10724;994;1217;19930;0;6843;0;0;0;0;0;0;0;0;0;0;0;0;99;0;0;0;0;5092;0;0;0;351;50222;4983;9247;1501;1462;19584;0;7473;335;0;0;0;0;0;149;0;0;0;0;0;0;54;0;0;0;0;103;5331;0;0
TH;16063;Wartburgkreis;124474;99532;823;98709;11828;22581;1851;1389;37605;0;9671;2434;0;0;0;0;0;0;0;0;0;0;0;229;0;0;0;0;8112;0;0;3009;775;98757;9191;19531;2980;2472;40118;0;12574;1826;0;0;0;0;0;453;0;0;0;0;0;0;149;0;0;0;0;231;9232;0;0
TH;16064;Unstrut-Hainich-Kreis;76709;60423;483;59940;7064;13355;2031;956;23490;0;6359;1331;0;0;0;0;0;0;0;0;0;0;0;109;0;0;0;0;4712;0;0;533;472;59951;5635;11687;1753;1581;23943;0;8189;1086;0;0;0;0;0;222;0;0;0;0;0;0;86;0;0;0;0;148;5621;0;0
TH;16065;Kyffhäuserkreis;59103;45978;411;45567;4074;8829;621;959;20892;0;6296;0;0;0;0;0;0;0;0;0;0;0;0;113;0;0;0;0;3783;0;0;0;360;45618;3864;7667;786;1177;20447;0;6669;406;0;0;0;0;0;127;0;0;0;0;0;0;62;0;0;0;0;95;4318;0;0
TH;16066;Schmalkalden-Meiningen;98485;79055;639;78416;8765;16603;1337;2221;31314;0;8051;2076;0;0;0;0;0;0;0;0;0;0;0;97;0;0;0;0;6127;0;0;1825;594;78461;6982;14288;2142;2178;32622;0;10082;1703;0;0;0;0;0;310;0;0;0;0;0;0;98;0;0;0;0;201;7855;0;0
TH;16067;Gotha;102566;81607;767;80840;8599;16686;1872;1546;33027;0;10449;1551;0;0;0;0;0;0;0;0;0;0;0;0;0;0;0;0;6301;0;0;809;659;80948;7567;14698;2365;2101;32835;0;12052;1298;0;0;0;0;0;341;0;0;0;0;0;0;103;0;0;0;0;254;7334;0;0
TH;16068;Sömmerda;55130;44633;402;44231;3767;9143;867;838;19601;0;5679;898;0;0;0;0;0;0;0;0;0;0;0;100;0;0;0;0;3338;0;0;0;343;44290;3195;7945;1035;1170;19583;0;6212;661;0;0;0;0;0;155;0;0;0;0;0;0;87;0;0;0;0;116;4131;0;0
TH;16069;Hildburghausen;48978;39906;284;39622;3671;6598;526;746;18093;0;3685;2928;0;0;0;0;0;0;0;0;0;0;0;87;0;0;0;0;2994;0;0;294;275;39631;2809;6355;796;903;18557;0;4303;1883;0;0;0;0;0;157;0;0;0;0;0;0;60;0;0;0;0;77;3731;0;0
TH;16070;Ilm-Kreis;81713;66378;586;65792;6082;12659;2531;1452;27327;0;8304;1685;0;0;0;0;0;0;0;0;0;0;0;0;0;0;0;0;5359;0;0;393;498;65880;5391;11210;2786;1803;26722;0;9913;1151;0;0;0;0;0;357;0;0;0;0;0;0;75;0;0;0;0;210;6262;0;0
TH;16071;Weimarer Land;64619;53405;405;53000;4781;10831;1509;1182;21595;0;7416;1492;0;0;0;0;0;0;0;0;0;0;0;134;0;0;0;0;4060;0;0;0;332;53073;3902;10054;1868;1584;21522;0;7471;971;0;0;0;0;0;290;0;0;0;0;0;0;77;0;0;0;0;140;5194;0;0
TH;16072;Sonneberg;44507;35266;266;35000;3306;6574;545;687;16036;0;3613;664;0;0;0;0;0;0;0;0;0;0;0;102;0;0;0;0;3370;0;0;103;211;35055;2754;6166;748;846;16062;0;4171;550;0;0;0;0;0;86;0;0;0;0;0;0;74;0;0;0;0;93;3505;0;0
TH;16073;Saalfeld-Rudolstadt;82413;65909;533;65376;5503;12720;1512;1302;29855;0;7935;1450;0;0;0;0;0;0;0;0;0;0;0;0;0;0;0;0;5099;0;0;0;477;65432;5065;11046;1727;1781;28796;0;8706;1089;0;0;0;0;0;236;0;0;0;0;0;0;81;0;0;0;0;179;6726;0;0
TH;16074;Saale-Holzland-Kreis;65981;55149;363;54786;4949;12210;1861;1199;21919;0;7327;1434;0;0;0;0;0;0;0;0;0;0;0;0;0;0;0;0;3887;0;0;0;343;54806;4298;10752;2182;1646;21197;0;7861;975;0;0;0;0;0;353;0;0;0;0;0;0;46;0;0;0;0;145;5351;0;0
TH;16075;Saale-Orla-Kreis;63125;51544;372;51172;3809;10294;967;1334;24430;0;5852;1057;0;0;0;0;0;0;0;0;0;0;0;0;0;0;0;0;3429;0;0;0;341;51203;3544;8958;1147;1384;23584;0;6512;760;0;0;0;0;0;183;0;0;0;0;0;0;49;0;0;0;0;146;4936;0;0
TH;16076;Greiz;77827;63523;506;63017;6189;13889;1177;1378;28334;0;6687;1319;0;0;0;0;0;0;0;0;0;0;0;0;0;0;0;0;4044;0;0;0;478;63045;4504;11950;1705;1847;27560;0;7665;878;0;0;0;0;0;301;0;0;0;0;0;0;60;0;0;0;0;199;6376;0;0
TH;16077;Altenburger Land;70997;55631;471;55160;5460;10598;953;1495;25970;0;6406;988;0;0;0;0;0;0;0;0;0;0;0;0;0;0;0;0;3290;0;0;0;459;55172;4501;9582;1379;1735;25248;0;6528;741;0;0;0;0;0;167;0;0;0;0;0;0;64;0;0;0;0;206;5021;0;0
